0.8501663099199109,2.8527762301269356e-07,1.925048255668227e-05,4.768473813845422e-06,1.4502326106265451e-08,2.164016745748042e-06,0.0001677993283692465,4.284011224213714e-08,1.70885174002783e-07,6.0791253638651225e-09,1.6814263167222317e-09,3.3732203149554775e-07,1.4188482385392999e-08,1.2613390503361574e-06,1.1434192854500734e-06,4.883903920177965e-07,0.003812017029787049,1.1114075004232194e-08,2.71445493165621e-08,6.771365362412287e-10,0.00033621954546970913,0.0001376013293269534,3.372589419492812e-08,1.4262357429851885e-07,2.8545330396693514e-07,0.00011301705273449855,8.68512024104124e-11,3.241390932229856e-07,3.053156316020468e-08,1.0302482149225887e-11
0.8497926704238281,3.507646556680958e-07,1.9054241502110415e-05,4.84133557310375e-06,0.00022192756226236914,2.1376161747194966e-06,0.00016342554857944752,2.226430029635765e-06,3.216468025898315e-05,1.725605614746067e-07,1.40810114731409e-08,3.205765506884148e-07,1.4357610229601611e-08,1.2281865881810569e-06,1.1078211964543305e-06,4.84548289927642e-07,0.00018942129131347456,6.511338212060873e-08,7.132966984389012e-07,3.877768325088665e-05,0.0003356470884617796,0.00013982231470452162,2.7627920823226512e-05,3.560754205137186e-06,5.540655230253702e-06,0.02503249908829649,0.00031577845278861916,5.21917841805316e-07,6.400574432097976e-06,3.0399890443175955e-08
0.8497926704238281,3.507646556680958e-07,1.9054241502110415e-05,4.84133557310375e-06,0.00022192756226236914,2.1376161747194966e-06,0.00016342554857944752,2.226430029635765e-06,3.216468025898315e-05,1.725605614746067e-07,1.40810114731409e-08,3.205765506884148e-07,1.4357610229601611e-08,1.2281865881810569e-06,1.1078211964543305e-06,4.84548289927642e-07,0.00018942129131347456,6.511338212060873e-08,7.132966984389012e-07,3.877768325088665e-05,0.0003356470884617796,0.00013982231470452162,2.7627920823226512e-05,3.560754205137186e-06,5.540655230253702e-06,0.02503249908829649,0.00031577845278861916,5.21917841805316e-07,6.400574432097976e-06,3.0399890443175955e-08
0.8441213088304057,1.05789065401617e-05,2.2833877479631358e-05,4.6585554785139705e-06,0.00020894220952441848,1.933948610195304e-06,5.660413930259553e-05,2.2193769657238045e-06,5.3706933773967996e-05,2.5866800894017526e-08,1.489077586704589e-08,6.26314081140445e-07,4.684795238246694e-09,1.1770433368461298e-06,1.1011310839299072e-06,5.170621980923439e-07,8.237540646052178e-06,6.527080701464163e-08,6.659221160593605e-07,3.61158192135302e-05,7.048865191134723e-06,9.129898754931395e-05,1.932514298385518e-06,0.00015756399099232254,5.4810449234155e-06,9.909641329044317e-06,0.00031357604296519963,0.00011162765717616895,6.317307055774445e-06,1.0461650482791405e-07
0.843048310577242,2.8263185475714347e-07,8.219954686379708e-06,3.96303312015434e-06,1.4502326106265451e-08,1.58507822004773e-06,2.7137193153440072e-05,7.382798657895114e-10,3.269540814321105e-05,4.9387745628760015e-09,7.796457673429067e-10,4.1170548357971814e-10,2.919127067659064e-08,2.3021402427537826e-08,1.1884218730259202e-06,4.92580983241577e-10,1.929636323437573e-05,1.1773745290474638e-08,5.424467858891697e-08,6.771365362412287e-10,0.0003266756530364114,2.637703339400845e-07,4.875384490164405e-08,2.510917465749907e-08,2.8545330396693514e-07,0.00011301705273449855,5.711278979243772e-10,8.194790764366748e-09,3.053156316020468e-08,1.8232646576723023e-08
0.8416863795557662,1.0336940053170171e-05,2.3065057233692358e-05,1.186495995891943e-06,0.0002106233271249935,2.6048662870892e-06,2.7891494049095286e-05,0.00016799719110966382,0.000489370160477923,1.922381938418055e-07,4.8513102806915076e-08,6.265801959109205e-07,9.243225969075454e-07,1.1757648214741273e-06,1.1922368198304214e-06,4.341447180234468e-08,1.856756670770245e-05,5.972428978865157e-08,6.660539629566235e-07,3.781964337219491e-05,0.0003391708425833332,0.0013689675017043005,2.5360948340652807e-06,0.0001570495568274818,6.129329311485045e-06,4.935546889271188e-07,8.273811115648301e-08,5.249393125192935e-07,4.834917790699771e-05,1.0397840921711456e-07
0.8406418872240795,2.8263185475714347e-07,8.228293332255892e-06,4.769361118798128e-06,1.4502326106265451e-08,1.586617114371653e-06,2.7137193153440072e-05,7.382798657895114e-10,1.70885174002783e-07,6.0791253638651225e-09,1.4575893574978458e-09,6.121669617281235e-07,1.9992477794821636e-08,2.3021402427537826e-08,1.1425503430122013e-06,4.92580983241577e-10,1.929636323437573e-05,1.1114075004232194e-08,2.71445493165621e-08,6.771365362412287e-10,0.0003266756530364114,2.637703339400845e-07,3.372589419492812e-08,2.510917465749907e-08,2.8545330396693514e-07,0.00011301705273449855,8.68512024104124e-11,7.588138744936439e-11,3.053156316020468e-08,1.0302482149225887e-11
0.8395702857248418,1.0178475504004823e-05,1.8866143006664614e-05,0.000997368952450441,0.00021048323550964664,2.605847414185037e-06,2.960895174710797e-05,1.6890315577366526e-06,0.0004875226781283432,1.7635194875600082e-07,3.6149074324864113e-08,6.247616660644189e-07,9.473783557107123e-07,1.21279485795653e-06,1.0712106290449448e-06,0.00014418577369953826,1.8494985083238443e-05,5.824836138975524e-08,6.975183791275669e-07,1.4985117637341105e-07,0.00033962362972862433,0.0014328598781365351,2.512913922866988e-06,3.3068870373771146e-05,4.103103593759933e-06,4.905099893571495e-07,1.1864917842263829e-05,5.551426030396658e-08,6.650479660678708e-06,4.212088362006776e-07
0.8384809036487024,3.1407665942207167e-07,8.475114247509357e-06,1.6525261052071063e-06,0.00021116629592554884,2.164066829596043e-05,2.410165499499344e-07,1.0555920541086166e-06,0.0005144272675408437,1.758329679798235e-08,3.613462882712213e-08,6.257141899463762e-07,1.0846905474379771e-07,1.2275255188104718e-06,1.1740890583318555e-06,4.787860150655545e-07,0.00018797662007195284,4.44003707822719e-08,1.9202536596772908e-10,7.169875799836094e-07,0.0003351287445190707,0.00013853910038479257,1.6428528625432178e-06,1.4860899818691448e-06,7.687084999779008e-08,8.525030569197168e-07,8.486916601480437e-08,5.516265738178066e-07,6.7789666045675995e-06,4.510402304717056e-07
0.8378818044609457,1.0420434954398631e-05,8.158042091703175e-06,4.818265234647073e-06,0.00022192756226236914,2.182602242123707e-06,2.7085921143418272e-05,2.226430029635765e-06,4.871190726455721e-05,3.24496978177446e-08,1.6095115606552465e-08,6.082150811696054e-07,1.4357610229601611e-08,1.1753046557892406e-06,1.0983988050313255e-06,4.843994592522483e-07,1.86723520389549e-05,6.531535205515047e-08,6.664208729160969e-07,1.5070959512808166e-06,0.0003356371820828594,9.127942245887061e-05,1.9514443747932886e-06,0.00015957753939876024,2.822298116041999e-07,0.00011282053771915525,0.00031360510458432796,5.215930363823359e-07,6.400574432097976e-06,1.0275759846828927e-07
0.8378485617358945,4.027270338855777e-07,8.158042091703175e-06,7.166633933326742e-05,0.00021109785634376021,1.929576936598377e-06,5.6594327046788496e-05,1.0372636306539609e-06,0.023917718786156488,3.24496978177446e-08,4.576745339220112e-08,6.26009614996285e-07,1.4357610229601611e-08,1.2297356166672685e-06,1.0989052234184516e-06,4.788306737790297e-07,1.859537846193238e-05,4.521902159929104e-08,6.659017675259101e-07,3.616322620405006e-05,5.178199937462243e-05,9.225515106046033e-05,1.9514443747932886e-06,0.00015969101609017398,2.822298116041999e-07,1.4133400069856026e-07,0.00031363319650755574,2.5179184336450032e-08,6.408536914066721e-06,9.600613857540247e-08
0.8360781506075862,2.918067873895806e-07,2.2833877479631358e-05,8.869338519940413e-07,0.00020798709828018943,4.768670766639426e-07,2.477441942239502e-07,1.0431897477628338e-06,0.000494897769332986,1.8931518965962182e-08,1.1467443051860342e-08,6.26314081140445e-07,1.1145142586072536e-08,1.2313150919098086e-06,1.099074622002848e-06,2.911012460737064e-07,1.6807577818916416e-05,4.4976213881718156e-08,1.5821149880076263e-08,1.0737127924514137e-05,0.0013561052405181631,9.244424229936826e-05,1.5308174091266094e-06,1.0444425765214667e-05,6.891081752876587e-08,9.909641329044317e-06,0.0003262455959913975,7.143731957788457e-07,6.317307055774445e-06,4.498900789092933e-07
0.8355053249386085,1.05789065401617e-05,2.2833877479631358e-05,6.85447528231271e-05,0.00020798709828018943,1.9371634564776557e-06,5.660413930259553e-05,3.7059448489707857e-06,0.0004941489189614562,1.764340358343353e-07,4.616256488048485e-08,6.26314081140445e-07,4.684795238246694e-09,1.2313150919098086e-06,1.1011310839299072e-06,5.170621980923439e-07,8.237540646052178e-06,6.527119954527644e-08,6.659010148791823e-07,3.61158192135302e-05,4.19720129996956e-06,9.756055368593186e-05,2.536137306651449e-06,0.00015760472717667477,5.4810449234155e-06,9.909641329044317e-06,0.0003166874344752772,0.00011162765717616895,6.317307055774445e-06,4.347297616757952e-07
0.8354760850378967,4.5829650365641754e-07,8.219954686379708e-06,3.96303312015434e-06,1.4502326106265451e-08,1.5856188621389985e-06,2.7137193153440072e-05,1.2885529047946042e-07,3.269540814321105e-05,4.9387745628760015e-09,7.796457673429067e-10,2.5042433973546797e-08,2.919127067659064e-08,3.621984613920326e-08,1.1884218730259202e-06,4.92580983241577e-10,8.101858643869755e-06,1.1773745290474638e-08,5.424467858891697e-08,1.0153966096977234e-07,3.431997135388827e-06,2.637703339400845e-07,4.875384490164405e-08,6.74660744013898e-06,1.1791198578838431e-07,0.00011301705273449855,5.711278979243772e-10,2.3955226372007833e-06,0.05722793897305755,1.8232646576723023e-08
0.8335016081070873,2.1502969684310292e-07,2.2867725559890628e-05,4.619593059588402e-06,6.511875830771371e-06,2.4406433992464578e-06,8.746737137745145e-08,7.741300494429249e-07,5.5113446408181985e-05,1.7646540795593661e-07,1.2268694793046631e-08,6.98776396189747e-08,2.0546399472067875e-08,2.49721478741047e-07,9.932303583753928e-07,1.2985578372203675e-07,6.783340940358284e-05,4.393942155398089e-08,6.644428847122385e-07,3.5613427572527823e-06,1.5035437614294134e-05,5.3807570802266444e-05,1.711396227115807e-06,0.00015689696351337088,1.216241734975092e-07,3.635528887713994e-06,2.7221993478203415e-06,1.0341821565368001e-07,5.3539429977992586e-05,4.506130851415415e-07
0.8329315910797376,3.175288246395377e-07,2.286586301160537e-05,7.14567228196985e-05,0.00020007484748577335,2.44536490833621e-06,8.746737137745145e-08,7.662142336305184e-07,5.5113446408181985e-05,1.7646540795593661e-07,1.2268694793046631e-08,6.98776396189747e-08,2.0648413283867875e-08,2.497761664995739e-07,1.7755480962194313e-08,1.2985578372203675e-07,6.783340940358284e-05,4.413157706776608e-08,6.644428847122385e-07,4.1815819766323945e-07,9.269870598644705e-06,5.414945495615913e-05,1.7278274816236126e-06,0.00015724463728927944,1.216241734975092e-07,3.635528887713994e-06,1.568470037339462e-06,1.0341821565368001e-07,5.3539429977992586e-05,4.506130851415415e-07
0.8323200621895303,3.5218296381684726e-07,2.286586301160537e-05,7.222032300907323e-05,0.00020007484748577335,2.44536490833621e-06,3.10675136102584e-07,7.662142336305184e-07,5.5113446408181985e-05,1.7646540795593661e-07,1.2268694793046631e-08,2.7879191118859376e-07,1.437660062071591e-08,2.497761664995739e-07,1.7755480962194313e-08,8.631416270679154e-06,7.755217196280976e-06,4.413157706776608e-08,6.644428847122385e-07,2.6028863275486607e-06,4.6540712287475975e-08,5.414945495615913e-05,1.7278274816236126e-06,0.00015724463728927944,1.1760328603091607e-07,0.0003251514607286294,1.568470037339462e-06,5.216505448836473e-07,6.393202742309267e-06,4.5006223059919125e-07
0.831719285971068,2.461816538562975e-07,1.794683057888717e-05,6.982860734528352e-07,0.0002016158702055479,2.061085788885794e-06,1.15371793032009e-05,2.7087653526359514e-06,8.37363491318935e-05,2.8944254067788766e-05,9.009087693948864e-09,6.591829972432902e-08,2.918174877878478e-06,1.5929104923144438e-07,8.188755852901123e-08,1.180715192407021e-08,6.829181332888918e-05,6.242276180008248e-08,1.6819499160800557e-07,9.892192235095807e-07,1.5224405764439652e-05,0.0014030452059829114,1.1311159887766657e-06,4.157653379732623e-07,5.441898608359121e-06,3.420201968165187e-07,3.9292226927910735e-08,1.7358034274388095e-07,6.532336245381462e-07,3.1376054836739776e-08
0.830394821993655,3.309025431886867e-06,1.8316116516927726e-06,6.0127925276741586e-09,3.2878464881159195e-05,4.345066422357209e-07,6.628873565919222e-06,0.00018861927964554636,6.086460648158658e-06,7.906782209002689e-09,8.977857511644271e-09,6.998751144370654e-08,1.0052972956456549e-06,2.844404936454236e-07,2.4253972375602963e-07,8.843938295214338e-09,6.70923130920052e-05,8.227615524004373e-08,4.881232791660611e-08,3.8639187672807107e-07,6.136408470667157e-07,2.1070017337649352e-05,1.4470704270336019e-06,1.461779211291401e-08,4.9244690846895205e-06,2.685914202090909e-08,2.133090228974801e-08,9.919961924287948e-08,4.805033553904148e-05,3.60275509654448e-08
0.8299454766588287,0.0005443776203078263,8.06651934157938e-06,4.811656993860495e-06,4.053078982575319e-06,2.5557054252822877e-06,1.4403858587469653e-07,7.727167815913374e-07,4.141825120544299e-05,1.682367530307489e-08,3.600648330562205e-09,5.8578023525376825e-08,4.5820882695861593e-08,9.389661228875613e-08,1.1696500048164118e-06,1.353548823593622e-07,1.4708637604819781e-05,4.366033298928737e-08,5.385684572055835e-08,7.27207440075577e-07,2.125837709187337e-05,5.3276471711728526e-05,1.7144006755532398e-06,2.604293323429325e-06,1.69059051207936e-07,7.726378820931954e-08,0.001833136042144955,5.331055381554254e-07,8.636164817903171e-06,2.788066330191304e-08
0.8299454766588287,0.0005443776203078263,8.06651934157938e-06,4.811656993860495e-06,4.053078982575319e-06,2.5557054252822877e-06,1.4403858587469653e-07,7.727167815913374e-07,4.141825120544299e-05,1.682367530307489e-08,3.600648330562205e-09,5.8578023525376825e-08,4.5820882695861593e-08,9.389661228875613e-08,1.1696500048164118e-06,1.353548823593622e-07,1.4708637604819781e-05,4.366033298928737e-08,5.385684572055835e-08,7.27207440075577e-07,2.125837709187337e-05,5.3276471711728526e-05,1.7144006755532398e-06,2.604293323429325e-06,1.69059051207936e-07,7.726378820931954e-08,0.001833136042144955,5.331055381554254e-07,8.636164817903171e-06,2.788066330191304e-08
0.8284251539266442,3.072578919564309e-07,4.384020458356518e-06,7.222032300907323e-05,5.5909390596412605e-05,1.4628564048354678e-06,3.10675136102584e-07,7.454510910487375e-07,0.00015898722846167555,1.7646540795593661e-07,8.939579005787352e-09,2.7879191118859376e-07,1.437660062071591e-08,2.5067024754278565e-07,1.7755480962194313e-08,8.631416270679154e-06,7.755217196280976e-06,4.3870694046261635e-08,6.827013342274967e-08,2.6028863275486607e-06,1.2465264154124928e-07,5.414945495615913e-05,8.85575143803381e-07,0.00015371622119189106,1.1760328603091607e-07,0.0003251514607286294,5.514307096345548e-08,8.295900582407522e-08,5.885376445317012e-06,4.609921466874403e-07
0.8275431262600439,3.309025431886867e-06,1.8333866280820532e-06,6.0127925276741586e-09,2.2796316046202562e-05,4.346592926959971e-07,6.628873565919222e-06,6.771203779256659e-07,6.072562414831777e-06,3.6874560640570304e-09,3.585676821392743e-09,6.914261264243058e-08,6.533260426952531e-07,2.9193821616198075e-08,2.425664767978731e-07,9.319249947289314e-09,5.715071511948706e-05,3.72982142317995e-09,4.881232791660611e-08,3.8639187672807107e-07,6.136408470667157e-07,2.1070017337649352e-05,7.893114075387837e-08,1.461779211291401e-08,2.9611748477317116e-07,2.685914202090909e-08,2.133090228974801e-08,9.919961924287948e-08,4.067221715347877e-08,7.845119986765616e-08
0.8266793220133816,1.5658567998458998e-07,1.8270279549608608e-06,5.5019799523662275e-09,3.570777642313836e-05,9.186802936725234e-07,1.7206055036127528e-07,6.976453382349701e-08,0.0035989102109826835,1.7263515253803123e-07,8.976880967021917e-09,6.208201299524988e-07,1.26700531685107e-06,5.729072199939043e-08,2.62682801041993e-07,5.5459660058985143e-08,8.12865474228716e-05,4.242735662604689e-08,3.021292246668054e-07,3.7652183274749134e-07,1.1527418451692396e-06,3.786656448746291e-05,1.2234449007073329e-08,5.828247934160132e-07,5.454749103794304e-06,1.3708683350524143e-07,3.614334986569758e-09,1.8913996887710008e-07,3.855264879401408e-07,1.547450567537861e-08
0.8259545451953982,5.990999914090775e-08,2.1308269761789438e-07,7.189710399497373e-05,1.811228696817827e-05,1.1542137758368757e-06,7.036507310447606e-08,7.89140140469476e-07,5.396298407383981e-06,5.5203181111245406e-08,2.9138622138456196e-09,2.712018626326701e-07,4.170210885064019e-07,1.264543613708489e-09,2.4898020048123757e-07,2.45195428013083e-07,6.232047793169074e-06,4.1327555209732324e-08,5.189611939928539e-08,2.4814338044989353e-07,2.765550404282449e-07,2.8043126427152705e-06,3.674119963693785e-08,4.404631611822177e-06,5.322018099944296e-06,4.014640667787423e-06,3.1546594286215847e-09,8.378451871704226e-08,6.748141450320075e-08,8.052647865058952e-08
0.8251768694590396,2.789161037440297e-06,8.038710027201886e-06,9.532074060534122e-09,3.2878464881159195e-05,7.35862465994446e-07,1.0661160855987431e-07,1.5915846619228547e-08,2.1620005710992903e-06,5.67310295738927e-10,9.604028320440758e-09,6.998751144370654e-08,9.837908246992926e-07,5.593623885203691e-08,1.149618299223379e-06,8.843938295214338e-09,6.70923130920052e-05,4.03904251168402e-08,4.9100342111578015e-08,3.8639187672807107e-07,9.170734397196886e-06,2.0476610334084615e-05,3.216974963075266e-08,2.5157476929019487e-08,8.462060989343863e-06,2.6549438444540237e-08,6.064595384089925e-09,9.919961924287948e-08,5.424626802637018e-05,5.718097848141684e-09
0.824897612484069,7.793362416923504e-05,2.2384434588079842e-05,1.186495995891943e-06,0.00021124535254828076,8.450241348657317e-07,6.733860774045025e-06,0.00017111281358338898,5.729957122660662e-05,1.118285557661562e-05,1.5204432357059884e-08,6.258639951487761e-07,9.244951481877311e-07,2.608258818063101e-07,2.964363899869923e-07,4.866183425258173e-09,1.8567501515216678e-05,8.30628336163265e-08,2.8726766017085357e-08,1.4389530099951826e-07,1.565119606620764e-05,3.817360951844642e-06,1.5010979798787902e-06,2.4996550627717307e-07,4.935847513666668e-06,2.0993359024154116e-07,1.0580698482421471e-09,5.360912870889178e-07,4.839476134414443e-05,3.6015744420055227e-08
0.8237877415548499,2.789161037440297e-06,1.8316116516927726e-06,9.532074060534122e-09,3.2878464881159195e-05,4.345066422357209e-07,1.0834429999351895e-07,1.7097299015323124e-08,2.1620005710992903e-06,7.906782209002689e-09,8.977857511644271e-09,6.998751144370654e-08,1.0052972956456549e-06,5.593623885203691e-08,2.4253972375602963e-07,8.843938295214338e-09,6.70923130920052e-05,4.0398390915994354e-08,4.9100342111578015e-08,3.8639187672807107e-07,6.136408470667157e-07,2.1070334572293098e-05,3.216974963075266e-08,1.3295684694599688e-08,5.054687887047858e-06,2.685914202090909e-08,3.462446913716448e-10,9.919961924287948e-08,5.424626802637018e-05,5.718097848141684e-09
0.6526000066066509,3.5006749728288654e-07,1.6058222351874044e-07,6.553774537323624e-08,3.5600508799677345e-06,4.024201819574313e-06,5.512362185090032e-08,2.6137975934111515e-08,1.5216930037011784e-07,1.4229548239954399e-08,8.254988582753731e-10,2.7017952010534475e-07,4.170210885064019e-07,1.264543613708489e-09,2.8253254330236375e-07,3.362353657754589e-08,6.318266881373988e-07,1.4314270360809311e-08,2.265581460928493e-07,3.387288751930938e-08,2.769977829919314e-07,2.6112271103480424e-06,6.902550393027511e-09,5.613685550168941e-08,2.1706764179862675e-07,7.342099523825618e-07,9.777702226431005e-10,2.937512030065694e-08,2.8892043778889503e-08,5.881467139252582e-09
0.6526000066066509,3.5006749728288654e-07,1.6058222351874044e-07,6.553774537323624e-08,3.5600508799677345e-06,4.024201819574313e-06,5.512362185090032e-08,2.6137975934111515e-08,1.5216930037011784e-07,1.4229548239954399e-08,8.254988582753731e-10,2.7017952010534475e-07,4.170210885064019e-07,1.264543613708489e-09,2.8253254330236375e-07,3.362353657754589e-08,6.318266881373988e-07,1.4314270360809311e-08,2.265581460928493e-07,3.387288751930938e-08,2.769977829919314e-07,2.6112271103480424e-06,6.902550393027511e-09,5.613685550168941e-08,2.1706764179862675e-07,7.342099523825618e-07,9.777702226431005e-10,2.937512030065694e-08,2.8892043778889503e-08,5.881467139252582e-09
0.6526000066066509,3.5006749728288654e-07,1.6058222351874044e-07,6.553774537323624e-08,3.5600508799677345e-06,4.024201819574313e-06,5.512362185090032e-08,2.6137975934111515e-08,1.5216930037011784e-07,1.4229548239954399e-08,8.254988582753731e-10,2.7017952010534475e-07,4.170210885064019e-07,1.264543613708489e-09,2.8253254330236375e-07,3.362353657754589e-08,6.318266881373988e-07,1.4314270360809311e-08,2.265581460928493e-07,3.387288751930938e-08,2.769977829919314e-07,2.6112271103480424e-06,6.902550393027511e-09,5.613685550168941e-08,2.1706764179862675e-07,7.342099523825618e-07,9.777702226431005e-10,2.937512030065694e-08,2.8892043778889503e-08,5.881467139252582e-09
0.6526000066066509,3.5006749728288654e-07,1.6058222351874044e-07,6.553774537323624e-08,3.5600508799677345e-06,4.024201819574313e-06,5.512362185090032e-08,2.6137975934111515e-08,1.5216930037011784e-07,1.4229548239954399e-08,8.254988582753731e-10,2.7017952010534475e-07,4.170210885064019e-07,1.264543613708489e-09,2.8253254330236375e-07,3.362353657754589e-08,6.318266881373988e-07,1.4314270360809311e-08,2.265581460928493e-07,3.387288751930938e-08,2.769977829919314e-07,2.6112271103480424e-06,6.902550393027511e-09,5.613685550168941e-08,2.1706764179862675e-07,7.342099523825618e-07,9.777702226431005e-10,2.937512030065694e-08,2.8892043778889503e-08,5.881467139252582e-09
0.6526000066066509,3.5006749728288654e-07,1.6058222351874044e-07,6.553774537323624e-08,3.5600508799677345e-06,4.024201819574313e-06,5.512362185090032e-08,2.6137975934111515e-08,1.5216930037011784e-07,1.4229548239954399e-08,8.254988582753731e-10,2.7017952010534475e-07,4.170210885064019e-07,1.264543613708489e-09,2.8253254330236375e-07,3.362353657754589e-08,6.318266881373988e-07,1.4314270360809311e-08,2.265581460928493e-07,3.387288751930938e-08,2.769977829919314e-07,2.6112271103480424e-06,6.902550393027511e-09,5.613685550168941e-08,2.1706764179862675e-07,7.342099523825618e-07,9.777702226431005e-10,2.937512030065694e-08,2.8892043778889503e-08,5.881467139252582e-09
0.6474127244695028,6.749706624997841e-08,1.0010597449236277e-06,4.430817246323e-08,3.666673637048126e-06,4.825998703134632e-06,5.512362185090032e-08,8.138612141802423e-08,1.5216930037011784e-07,7.189222049111117e-08,2.5954516695104033e-09,2.706361957694648e-07,4.170210885064019e-07,1.264543613708489e-09,2.829648194571137e-07,3.362353657754589e-08,8.385953059912821e-07,3.49774930727821e-08,3.1869389846400744e-08,3.387288751930938e-08,5.528554737758932e-07,8.660493950297836e-07,2.0759297123176807e-07,5.613685550168941e-08,3.876359490241131e-07,7.342099523825618e-07,3.5867728748994083e-09,8.378451871704226e-08,6.748141450320075e-08,8.81964258976338e-09
0.6444887312861021,3.895372936537586e-08,7.608141139314117e-08,6.553774537323624e-08,3.5600508799677345e-06,5.199533359135324e-06,1.1627612561283782e-07,2.3350948418516473e-08,1.5216930037011784e-07,9.040667895836992e-08,8.979220534182258e-10,2.7016475333082784e-07,4.169768542472887e-07,1.264543613708489e-09,2.8253254330236375e-07,3.362353657754589e-08,8.678871257340773e-07,4.0432349032995305e-08,5.159148657991063e-08,3.387288751930938e-08,9.610613776297112e-08,9.636950104847943e-07,6.938573681561765e-09,5.613685550168941e-08,2.1624417213769897e-07,1.1528874129118304e-07,3.5867728748994083e-09,4.2633587321351867e-08,9.14467594802682e-08,1.9746298074493084e-05
0.641940281554004,3.895372936537586e-08,7.388637374013366e-08,6.553774537323624e-08,3.5600508799677345e-06,5.188493961547201e-06,2.310578937709919e-06,5.144083391758004e-08,1.5216930037011784e-07,7.106056066671368e-08,3.0349712585806327e-09,3.2530653545088694e-07,4.225385172997644e-07,1.3169626807140714e-09,2.8253254330236375e-07,1.2330181686821618e-08,8.678871257340773e-07,4.0432349032995305e-08,5.082842455342246e-08,2.7422283646094167e-08,9.610613776297112e-08,9.061245107747227e-07,2.617568405385773e-08,5.6218642770480406e-08,2.5417782329048345e-07,2.9341801107255195e-09,3.6228791668733963e-09,4.2633587321351867e-08,8.188813263347013e-08,2.401500940720887e-07
0.6398906033564272,9.323540899301921e-06,1.3924418160829263e-06,4.133811545340245e-07,4.70503031138984e-06,1.4486767389768023e-05,4.4354400394275887e-07,6.965016768521847e-08,2.8949690735531042e-05,1.6804964597456202e-07,2.0413790179432203e-08,1.4361750192524917e-06,6.291637636073584e-07,5.729072199939043e-08,2.832991680542339e-07,5.7127862437649353e-08,1.970490125043642e-06,3.980905061189546e-08,5.786616450105221e-08,1.4087485888448722e-07,1.1769034072101365e-06,2.5881352221333614e-06,2.482013860575526e-08,5.982886748818291e-07,5.350562978132483e-07,7.237457415175989e-07,5.797852595760537e-09,1.9803779365960595e-07,6.747648803059603e-08,1.9345366060506366e-08
0.6380813575063845,3.9332902177406115e-08,2.825765423865747e-07,5.169531194841722e-08,4.608993220599977e-06,2.7373897895549687e-06,4.1152207538671756e-05,2.1279646416735235e-06,4.180107596987662e-05,6.594049699920718e-07,2.074343016131752e-08,2.876977789691386e-07,1.069011174929863e-06,1.6175707532715152e-08,3.016897015365265e-07,5.1213392933992807e-08,3.491896841573593e-06,3.990474904086085e-08,4.453755053142145e-08,9.611307849790896e-06,1.5396705357615184e-06,9.113112959355268e-07,3.1396828347639856e-08,6.18520157349718e-08,5.774503672633592e-07,1.4079873448766345e-07,8.543233003278425e-09,4.219909366174081e-08,1.769517769757007e-06,0.00012560580803723954
0.6370401269296146,2.143752160477212e-08,4.901521037816561e-06,5.170131172269493e-08,2.3871213859569507e-05,2.7373897895549687e-06,4.1152207538671756e-05,2.1279646416735235e-06,4.180107596987662e-05,8.104587425522038e-05,2.5854152823653494e-09,2.876977789691386e-07,1.069011174929863e-06,1.6175707532715152e-08,3.016897015365265e-07,5.1213392933992807e-08,3.491896841573593e-06,3.518907051423716e-08,4.453755053142145e-08,9.611307849790896e-06,1.5396705357615184e-06,9.113112959355268e-07,3.1396828347639856e-08,6.383750693530355e-08,5.284232916456428e-07,8.403909341664333e-09,8.543233003278425e-09,1.8989569444480251e-07,1.769517769757007e-06,0.00012560580803723954
0.6348799760181288,2.561118187161741e-07,8.162508181051149e-07,1.6617635672638083e-05,1.245081822046705e-05,2.469641601618545e-05,8.631641598701509e-05,8.281819558278608e-08,4.465574839429502e-05,6.944749586085754e-06,1.9616445851467232e-08,1.592151349759535e-06,1.828618482927687e-06,1.2978803162414756e-08,3.1125792023425694e-07,6.236165577366565e-09,7.866037329930243e-06,1.7936348588368144e-07,2.7862508478321548e-08,9.442614036697162e-07,1.665022888789666e-05,0.001486706195736374,1.0973223989500967e-08,1.798971236827848e-07,4.958541991475871e-06,3.2526611629847196e-07,1.103698341583655e-07,9.543308734651193e-08,3.6578943211211736e-07,5.456770537948671e-09
0.6333487200825163,7.227345786292928e-06,1.432216296043198e-06,7.478240079255575e-06,3.091790882979466e-05,1.4049712684805121e-05,4.33254496815922e-07,1.2651271418230887e-06,1.2459285393428537e-05,4.2901792520805485e-07,4.099403930702754e-08,6.044167521859023e-07,1.1273908078611341e-06,9.941595667246463e-08,1.156807746778965e-06,6.564532334422091e-08,1.5928340548413756e-05,6.891212798122819e-08,4.114858636263946e-06,7.2686511515961e-07,1.161912664226521e-06,0.00027261192487412495,3.2387629049090677e-09,9.721675882139465e-08,5.235955460464434e-07,1.348412165593956e-07,3.3143725090304953e-09,1.9791824997289904e-07,1.3944750636985589e-06,1.9445977873855718e-08
0.6318362224707624,7.228830780711744e-06,1.4062845500737866e-06,1.1772300179064772e-07,2.728974899240249e-07,4.005506811346004e-06,5.127585988997861e-09,5.102449615614761e-08,1.2307513815264793e-05,1.8343623988133182e-08,4.053668013233318e-08,3.793438057583685e-07,2.143951981093231e-08,9.828226431636637e-08,3.316789094679262e-08,6.546065686629591e-08,1.6060028589108923e-05,1.3996732922652479e-08,1.2509231272949198e-05,1.5703096098119604e-07,1.152242748928333e-06,2.399764376009552e-06,3.271033786534374e-09,9.666805892211068e-08,5.287396806293019e-07,1.3484128373767732e-07,1.0831717658819044e-09,2.847943235433002e-08,3.0057164073812544e-08,5.956640224086037e-09
0.6304431199359861,3.9332902177406115e-08,2.825765423865747e-07,2.261445460441812e-10,6.549671402705151e-07,2.7373897895549687e-06,1.1400192937318505e-06,2.1279646416735235e-06,4.180107596987662e-05,8.293746349964857e-08,1.7318731747572146e-08,2.7045064166205285e-07,4.046262200152995e-07,1.2600214775039204e-09,2.7371125148357743e-07,5.1213392933992807e-08,2.9663174863357596e-06,2.73172536704117e-07,4.527467468357417e-08,9.611307849790896e-06,1.5396705357615184e-06,9.113112959355268e-07,7.349599352607323e-09,6.18520157349718e-08,2.3157341279677146e-07,4.3322684717344674e-09,1.1770842212119884e-09,4.219909366174081e-08,1.769517769757007e-06,0.00012560580803723954
0.6290358221685828,8.037870689189044e-08,9.996978635970633e-07,6.336748787228664e-09,3.904931597177212e-06,4.826904546312119e-06,1.9562978822680367e-08,1.9102200986097426e-08,6.958214817277598e-08,7.087853044238085e-08,2.3061872116155706e-09,6.434610020363464e-07,6.374650210397484e-07,1.967296405085846e-09,3.545856138385251e-07,4.0423726237426304e-08,3.883906353558296e-07,7.131862173044936e-07,3.5528405514885665e-08,2.2204317787703208e-07,4.1071943580593033e-07,1.2180530732650118e-06,1.285169459078149e-08,5.617640287072931e-08,5.156646500150142e-07,6.085360826141129e-08,3.621092146622132e-09,9.216250873981816e-08,3.8034545696175453e-07,6.332770662304297e-09
0.6276842940033944,2.814618734613821e-07,1.8270279549608608e-06,5.7707380277542605e-09,1.2053542200244813e-05,5.1247150925891406e-06,3.4475027071319332e-06,1.8011595218547348e-08,6.869222384379149e-08,8.568663642744509e-08,1.9036824787027347e-08,6.634134325729786e-07,6.374650210397484e-07,2.2980588092416885e-09,3.545856138385251e-07,4.0423726237426304e-08,2.1112994064798193e-05,5.799171250342442e-08,9.96110544153329e-09,2.2204317787703208e-07,9.501785699056505e-07,1.3062674012110655e-05,1.285169459078149e-08,6.186150947565121e-08,4.0763409810703695e-07,5.290756341418777e-09,5.545504414700743e-10,9.216250873981816e-08,3.8034545696175453e-07,6.332770662304297e-09
0.6263643001861665,7.450030930420756e-06,1.335413969998829e-07,2.5010109059564784e-07,6.22113398674357e-06,1.6069303883514318e-06,5.677490542049424e-08,1.2629998406578853e-09,1.66613502818413e-05,5.515239233612091e-08,1.9993016160275224e-08,8.62675459524958e-07,4.9769340032826646e-08,4.4756716387375256e-08,1.8055676285583053e-07,5.680480143350862e-07,1.021417369636967e-06,6.867148973010846e-08,5.585983516274533e-08,8.039993674282761e-07,1.15250065429572e-06,7.97962571388351e-06,1.451431872859174e-07,9.304108072307067e-07,1.2740780602683441e-08,2.208557028130531e-08,3.4645602074192294e-09,0.0035026876941081212,3.866842302089082e-07,5.943680586577222e-09
0.6249883140822726,7.228830780711744e-06,8.12550399844336e-06,1.1571933366229334e-07,2.728974899240249e-07,4.005506811346004e-06,5.127585988997861e-09,5.102449615614761e-08,1.2307513815264793e-05,8.158755464523438e-09,4.053668013233318e-08,3.793438057583685e-07,2.143951981093231e-08,8.89742422568983e-08,3.323611379892703e-08,1.3575453467079156e-08,1.6056947692946108e-05,1.3996732922652479e-08,1.2509231272949198e-05,1.5701550266029162e-07,1.1519005955221665e-06,2.399764376009552e-06,6.057894388454378e-09,9.666805892211068e-08,1.3317296444162426e-08,6.688719796531653e-09,1.0683351886829768e-09,2.841315837179373e-08,2.6325175483604884e-08,1.8633217621242227e-09
0.6235346720832091,6.527944331861528e-07,2.759668761205176e-07,6.277412019658323e-11,5.413020058197697e-08,3.5174137547611016e-06,5.4164115588261875e-09,3.955899313191259e-09,2.4517997820856234e-06,1.5104111832938497e-07,1.6743374183946532e-07,3.39385894008131e-07,4.6117964599199664e-07,9.495564156482208e-06,7.61423508007861e-08,7.4497864743423135e-09,1.75105667612669e-06,7.440544163812698e-09,1.3097759161078444e-08,0.00010306280164904978,2.04033986911361e-09,1.5188588906263721e-06,5.608639047368518e-06,2.986326573759029e-07,2.0507466014376853e-07,7.043487582151822e-07,2.88026753362538e-09,6.041636140712018e-08,4.395347500779655e-08,5.725619418348797e-09
0.6230623867236867,8.037870689189044e-08,9.996978635970633e-07,6.336748787228664e-09,2.306328158916776e-06,4.826904546312119e-06,1.9935793686239612e-08,1.9102200986097426e-08,8.366740406629818e-07,1.9233346348917078e-07,2.855445621829353e-06,6.212596218901845e-07,4.025731224328318e-07,2.9594821537707087e-06,3.14581401891842e-07,3.554563277445174e-08,4.1233496539298427e-07,1.0361963089051237e-07,3.5528405514885665e-08,1.961123681675442e-07,1.731260819684045e-08,2.532035698607592e-07,1.2882700667922534e-08,3.1660744425593235e-07,5.160209313340961e-07,3.753213456523086e-08,3.5261713134023645e-09,1.2594540841274762e-07,4.17123232475552e-08,4.49750319287399e-10
0.620789332047028,8.175560440480774e-07,2.7641056035238084e-07,1.379339393283874e-09,2.3903098082216006e-06,4.312047678449547e-06,7.187218761856816e-09,3.955899313191259e-09,2.4672893779686643e-06,1.9289424806905426e-07,0.00015960681088709495,3.3310422001129465e-07,4.6274058675088617e-07,0.0009697998360544048,7.563439371240246e-08,3.552959481891626e-08,1.75105667612669e-06,9.969775189999625e-09,1.2929070595562254e-08,1.95592954094887e-07,1.0944248976940612e-08,6.455740796271702e-07,1.4292630484555134e-10,2.986326573759029e-07,7.332318952247316e-08,5.484123463176121e-08,2.8789175147072802e-09,1.412877997231212e-07,5.6629311613504257e-08,9.900363130035662e-09
0.6197452397131423,3.9240644890169255e-07,1.8280533050388092e-06,1.1097889418505143e-10,7.310626877162925e-07,3.2384152707760235e-07,1.9329701111012445e-08,4.601312937135974e-10,6.869222384379149e-08,6.541408499180829e-08,1.8356901668627177e-08,6.498470492490969e-09,6.374650210397484e-07,2.2466080903029354e-05,2.7621762090573986e-07,8.30283808741572e-09,4.359346966696558e-07,1.8043297640472608e-06,1.3967629761240694e-07,1.4214621333411028e-08,4.521196133144435e-09,3.7263503288579485e-05,1.8929600346097258e-07,2.655390673843149e-08,5.070602232372982e-07,5.698305932891344e-09,1.351777002932629e-09,5.805285011730407e-09,5.512214291379641e-08,6.368025651072361e-09
0.45397080370030746,5.540354383220471e-07,6.751185620846044e-08,3.127302511653553e-10,1.571027420395533e-08,1.738956704842019e-06,7.972454771174654e-09,1.1853086828119689e-09,4.4608456438134076e-08,6.429083817345912e-09,1.0748191920205319e-10,1.185629977096184e-08,4.5366399440638506e-09,1.9052010333594222e-09,1.0266387888106073e-08,8.475788282363903e-09,7.719429552435341e-07,9.916792777733142e-09,3.4034517674097614e-09,4.767297883007488e-08,8.767950018148098e-09,1.5823067589021132e-07,8.39512635410698e-11,2.4992888325487784e-08,2.0249626407551114e-09,2.305930360529714e-08,1.1164497136593932e-09,4.284963531879827e-09,1.403144520409341e-08,5.554045432445413e-09
0.4539646205006797,5.540354383220471e-07,6.762525679436922e-08,5.587221229880147e-11,1.411178052718874e-08,1.7819901638923433e-06,6.529296918583591e-08,4.5760434074715156e-10,2.3745465547582673e-06,7.031194887996021e-09,9.614655802715367e-11,1.185629507551224e-08,1.0934738340184155e-08,3.953991913314424e-09,5.010766741037864e-09,8.360699792546998e-09,2.0001752592777502e-08,1.205176308585689e-08,1.4403657577862593e-11,4.767297883007488e-08,1.8735872244646705e-09,1.3927484479105751e-06,8.32428140830886e-11,2.6342916872946808e-08,2.0249626407551114e-09,1.2770650236824665e-08,1.8954320537642685e-10,1.7935269822318238e-10,2.3047051022510464e-08,5.556967584118424e-09
0.4539646205006797,5.540354383220471e-07,6.762525679436922e-08,5.587221229880147e-11,1.411178052718874e-08,1.7819901638923433e-06,6.529296918583591e-08,4.5760434074715156e-10,2.3745465547582673e-06,7.031194887996021e-09,9.614655802715367e-11,1.185629507551224e-08,1.0934738340184155e-08,3.953991913314424e-09,5.010766741037864e-09,8.360699792546998e-09,2.0001752592777502e-08,1.205176308585689e-08,1.4403657577862593e-11,4.767297883007488e-08,1.8735872244646705e-09,1.3927484479105751e-06,8.32428140830886e-11,2.6342916872946808e-08,2.0249626407551114e-09,1.2770650236824665e-08,1.8954320537642685e-10,1.7935269822318238e-10,2.3047051022510464e-08,5.556967584118424e-09
0.4539646205006797,5.540354383220471e-07,6.762525679436922e-08,5.587221229880147e-11,1.411178052718874e-08,1.7819901638923433e-06,6.529296918583591e-08,4.5760434074715156e-10,2.3745465547582673e-06,7.031194887996021e-09,9.614655802715367e-11,1.185629507551224e-08,1.0934738340184155e-08,3.953991913314424e-09,5.010766741037864e-09,8.360699792546998e-09,2.0001752592777502e-08,1.205176308585689e-08,1.4403657577862593e-11,4.767297883007488e-08,1.8735872244646705e-09,1.3927484479105751e-06,8.32428140830886e-11,2.6342916872946808e-08,2.0249626407551114e-09,1.2770650236824665e-08,1.8954320537642685e-10,1.7935269822318238e-10,2.3047051022510464e-08,5.556967584118424e-09
0.4539646205006797,5.540354383220471e-07,6.762525679436922e-08,5.587221229880147e-11,1.411178052718874e-08,1.7819901638923433e-06,6.529296918583591e-08,4.5760434074715156e-10,2.3745465547582673e-06,7.031194887996021e-09,9.614655802715367e-11,1.185629507551224e-08,1.0934738340184155e-08,3.953991913314424e-09,5.010766741037864e-09,8.360699792546998e-09,2.0001752592777502e-08,1.205176308585689e-08,1.4403657577862593e-11,4.767297883007488e-08,1.8735872244646705e-09,1.3927484479105751e-06,8.32428140830886e-11,2.6342916872946808e-08,2.0249626407551114e-09,1.2770650236824665e-08,1.8954320537642685e-10,1.7935269822318238e-10,2.3047051022510464e-08,5.556967584118424e-09
0.4539646205006797,5.540354383220471e-07,6.762525679436922e-08,5.587221229880147e-11,1.411178052718874e-08,1.7819901638923433e-06,6.529296918583591e-08,4.5760434074715156e-10,2.3745465547582673e-06,7.031194887996021e-09,9.614655802715367e-11,1.185629507551224e-08,1.0934738340184155e-08,3.953991913314424e-09,5.010766741037864e-09,8.360699792546998e-09,2.0001752592777502e-08,1.205176308585689e-08,1.4403657577862593e-11,4.767297883007488e-08,1.8735872244646705e-09,1.3927484479105751e-06,8.32428140830886e-11,2.6342916872946808e-08,2.0249626407551114e-09,1.2770650236824665e-08,1.8954320537642685e-10,1.7935269822318238e-10,2.3047051022510464e-08,5.556967584118424e-09
0.4467873974536956,5.540354383220471e-07,3.7913519386244265e-08,5.587221229880147e-11,1.4102256665450314e-08,1.7819901638923433e-06,6.529296918583591e-08,4.5760434074715156e-10,2.366041340415855e-06,5.492878746859601e-09,2.3362570291242004e-10,3.6956221356608257e-09,1.0934738340184155e-08,3.948601201470651e-09,4.487875253210403e-09,8.360376008000353e-09,1.9715593492290204e-08,1.205176308585689e-08,2.8971104315657778e-11,4.767297883007488e-08,1.8735872244646705e-09,1.3927484479105751e-06,8.32428140830886e-11,2.6342916872946808e-08,2.0249626407551114e-09,1.2770650236824665e-08,1.8964187042636824e-10,4.763378369174535e-10,2.3047051022510464e-08,5.556967584118424e-09
0.4418516776321811,4.243614470612406e-07,1.2521958654504854e-07,4.755147249695416e-10,1.4541026240849517e-08,1.3097788956376277e-06,6.563284283629487e-09,3.8485080163082464e-10,1.1629106050096445e-07,2.719600829436048e-07,2.4238495352134576e-08,3.038434741872844e-09,1.2049479021031491e-09,6.320193488908957e-09,4.486021470923798e-09,2.9951283613609668e-09,1.1577455862902342e-08,1.673477112531262e-09,1.4463902331047402e-08,1.936481751782659e-09,4.5004851665877495e-08,4.993731116770475e-07,8.292706658404994e-11,2.6338404509658567e-08,1.2915663017143124e-07,2.161612685198831e-09,1.0678422483290168e-09,2.623942487292258e-08,2.7932726246379757e-08,5.649758404284968e-09
0.43832839342890323,5.529332653878663e-07,5.843326430163869e-08,1.5716225415958896e-10,1.7259134844408646e-08,1.8761722362274017e-06,6.398130283760873e-08,2.0892643412543137e-09,2.7953166110053612e-06,3.959962998109329e-08,2.602760536142219e-09,1.1856158887508457e-08,4.460360900416013e-08,1.1507285640753931e-07,5.012093287347998e-09,6.5775826881613245e-09,1.0247739212526984e-07,1.2038483365727303e-08,1.0543547621215118e-08,1.62653470585507e-07,1.8625893057386197e-09,2.3940960259801407e-06,8.395890632330119e-11,2.6339503246648272e-08,2.598425735225306e-09,2.3044202212786134e-08,1.1164175972996129e-09,4.5421894850133783e-08,2.069746308123451e-08,5.807755682750672e-09
0.43493153129248247,1.7694961097874392e-05,5.843326430163869e-08,1.0128228683955066e-10,6.08806907332029e-08,1.8037134581971637e-06,6.398130283760873e-08,2.0886627065920973e-09,2.7953166110053612e-06,3.959962998109329e-08,2.602760536142219e-09,1.1856158887508457e-08,4.453039535864469e-08,1.1470826340593863e-07,0.01227492832353482,6.5775826881613245e-09,9.936743431924974e-08,1.2038483365727303e-08,1.0543547621215118e-08,1.6265219884175323e-07,1.8625893057386197e-09,2.3940960259801407e-06,8.325007615016288e-11,2.6339503246648272e-08,2.5981849712390093e-09,1.3883533417857943e-08,1.4267948419190069e-10,4.5421894850133783e-08,1.9649671662573826e-08,5.909236517164558e-09
0.4315858178204047,3.942931253604019e-07,1.6409583411833873e-08,7.839695006753603e-07,6.514542604862335e-08,1.5886728463923288e-07,6.562859961676506e-09,1.0500114172471649e-08,2.407635906595238e-06,2.679869542041182e-06,2.1087293779645858e-09,1.1840170265985763e-09,1.7351473662394935e-08,2.6383270892074075e-09,1.5628603265088374e-09,6.724361731381867e-09,2.1161248119291845e-08,1.7367821413269328e-09,1.1107372479771164e-08,1.0487692469103127e-08,1.2539177228912218e-09,6.432542312910963e-07,8.222282458339935e-11,2.6372418611290268e-08,2.2661853073493853e-09,2.305968420928142e-08,1.0370879978681936e-09,1.731888851519559e-08,2.0328101628351957e-08,5.629234459778199e-09
0.42848520041722177,3.938007132571808e-07,6.619436169818308e-10,3.301724459810676e-10,5.7217219613249686e-08,1.8171632397208736e-06,6.621905733889814e-09,1.5887904968994606e-10,2.2969343533110855e-06,1.7528809829750768e-08,1.3631082988365714e-10,1.0586789966212369e-09,1.732919320208756e-08,3.5778811113201726e-09,1.1900258741840184e-10,6.505855334682983e-09,1.603624619625775e-08,1.4530477572096675e-09,2.908140137443497e-10,9.800013051990316e-09,1.2451539739040664e-09,6.376277224923364e-07,8.223089969828264e-11,8.443944364997414e-09,2.026137499391615e-09,2.3561412635865586e-08,9.855170830917897e-10,1.7138753834443797e-08,2.0328117033717463e-08,5.618689966896007e-09
0.42567085656088466,0.0004352828182399009,2.4788126214623523e-06,1.5716225415958896e-10,3.7483036297336293e-06,1.8038991791290479e-06,6.398130283760873e-08,2.088669951818475e-09,2.7953166110053612e-06,5.395913762259857e-08,6.64346087432433e-09,1.1856158887508457e-08,4.881771074094579e-08,1.4680373383453774e-07,9.68878044512469e-08,6.5775826881613245e-09,1.5743404372203746e-07,1.2038483365727303e-08,1.0610976863479156e-08,1.6318063723594594e-07,1.8625893057386197e-09,4.488601611110982e-07,1.6552674383138704e-10,2.6339503246648272e-08,2.660924519774986e-09,1.3340566262560693e-08,7.134655234866231e-11,4.5421894850133783e-08,1.965151203989605e-08,1.0426012082959261e-08
0.42297612694311004,4.243614470612406e-07,0.009627264143890576,1.174040692898377e-08,4.854229659145899e-06,1.7131728479904366e-05,1.963343005463651e-08,3.6537666845900264e-09,2.934001983569202e-06,5.7345602508687065e-06,6.372619096147719e-07,8.676238647395886e-08,4.678456218103322e-08,1.6406949416663502e-07,3.4494797223891504e-08,1.4107307594367733e-07,2.125685644466195e-07,2.287633575149925e-08,3.501009552610923e-08,1.197096364793244e-07,3.6650682570817554e-08,2.4719075850786405e-05,1.27715487396545e-11,1.7630277312601283e-06,3.1986697711562096e-07,1.9076976016688288e-08,1.335838167172306e-09,4.75326761848012e-07,2.9148261040071174e-08,5.647792637130583e-09
0.4198337659689925,1.2098213316601949e-08,2.129683807043398e-08,3.204862790877916e-11,1.3252081851008001e-08,1.5973990304667878e-06,1.3783929327079117e-09,2.6567393642087236e-09,1.714493570637394e-07,6.257348282584998e-09,6.163001478360623e-09,6.526424817740554e-09,9.050439648913317e-09,1.949699548665387e-08,5.578535732715462e-09,6.664773375814674e-09,9.652813123261578e-09,9.913310770431078e-09,1.7744563757959556e-10,4.060807709325956e-10,4.1411410657928333e-10,6.052730540206074e-07,3.2877329770755886e-11,2.510939495123435e-08,1.983019584507721e-09,2.2436599582906328e-08,9.547286979154388e-10,1.2678809529581041e-11,2.9717567850136793e-08,1.7167743934458752e-11
0.4170375477190286,1.579833669170883e-08,1.6409583411833873e-08,3.227520193816684e-08,6.587798602151465e-08,1.6491644610331003e-05,6.477457311083391e-09,1.0500114172471649e-08,2.39458877394663e-06,2.703873586829405e-06,2.0986286751387354e-09,2.586790492725293e-10,1.7458042400610072e-08,8.161310460988926e-09,3.7886086632700284e-10,6.724361731381867e-09,6.800584715107336e-09,6.083706661296715e-08,1.0255257323557635e-08,1.200469326244003e-07,1.2539177228912218e-09,6.442789436669509e-07,8.222282458339935e-11,2.6370250384463733e-08,5.552899349162366e-09,3.490696047150715e-08,2.6498046944314598e-09,1.7263904198483832e-08,4.2397748565465305e-08,2.4894342978539042e-11
0.41424028771272553,7.905888344237146e-06,2.4671019532417316e-06,4.9018534239288406e-11,3.7483036297336293e-06,1.8038991791290479e-06,1.2156552814132616e-09,2.6764193276596242e-09,1.5523930128826073e-07,7.460982529785595e-10,6.76972341062094e-09,5.584852249724754e-09,1.0095164738446008e-08,9.552314379072875e-08,5.578551791937349e-09,6.6523599752746694e-09,2.1070694886171553e-08,1.2015152703468876e-08,1.7136020098147174e-09,1.626724158765712e-07,1.853567412003048e-09,6.091735839951269e-07,8.297635630816492e-11,3.724860030737445e-08,2.660924519774986e-09,1.3131437233607093e-08,7.134655234866231e-11,5.90406481502997e-10,1.965151203989605e-08,1.1829480513679182e-08
0.41133634743300407,4.6725118766249874e-07,0.0001373629992703107,7.09613898914931e-09,1.8424594621328886e-08,2.085196537770304e-06,3.618897717568095e-09,1.2218111886974458e-08,1.3487704699802698e-07,1.2111650247459786e-07,8.330573735823488e-08,7.21590337779469e-09,1.9388190594880208e-09,2.0826604653108047e-08,5.576209568549326e-09,6.701528327532458e-09,1.1134871298597357e-08,4.0517059065687e-09,1.0539235806045822e-08,1.9425107615848386e-07,4.1715002220097317e-10,2.8178488457790666e-07,1.476908617305436e-10,2.8495017582826007e-08,7.132047685876577e-09,2.9348869330479823e-07,8.246723963083646e-11,5.6459660288771855e-06,4.76939501920913e-09,4.231267607207378e-10
0.25775621377328967,3.339420011497087e-10,1.3465623004341845e-09,3.3329225886007675e-10,7.273825007477372e-09,2.3737408699455037e-07,1.3977864918729247e-09,6.123395387147257e-11,8.526653465679116e-08,1.1416237617581185e-08,1.4462973197003115e-09,3.429917603895738e-11,1.733212537043009e-08,3.5101122465775997e-09,3.8096094728827886e-10,7.693592454976386e-10,7.197939056658795e-09,8.196253797360742e-09,3.5729617952241563e-10,8.100627724040472e-09,1.4532503288055062e-10,1.602205124245023e-07,8.222296016015446e-11,8.496182344024976e-09,1.245477518988219e-09,7.373704404441876e-09,5.809891339241312e-12,8.61013298938972e-11,3.003714633429682e-08,1.4550092628187342e-12
0.25775621377328967,3.339420011497087e-10,1.3465623004341845e-09,3.3329225886007675e-10,7.273825007477372e-09,2.3737408699455037e-07,1.3977864918729247e-09,6.123395387147257e-11,8.526653465679116e-08,1.1416237617581185e-08,1.4462973197003115e-09,3.429917603895738e-11,1.733212537043009e-08,3.5101122465775997e-09,3.8096094728827886e-10,7.693592454976386e-10,7.197939056658795e-09,8.196253797360742e-09,3.5729617952241563e-10,8.100627724040472e-09,1.4532503288055062e-10,1.602205124245023e-07,8.222296016015446e-11,8.496182344024976e-09,1.245477518988219e-09,7.373704404441876e-09,5.809891339241312e-12,8.61013298938972e-11,3.003714633429682e-08,1.4550092628187342e-12
0.25775621377328967,3.339420011497087e-10,1.3465623004341845e-09,3.3329225886007675e-10,7.273825007477372e-09,2.3737408699455037e-07,1.3977864918729247e-09,6.123395387147257e-11,8.526653465679116e-08,1.1416237617581185e-08,1.4462973197003115e-09,3.429917603895738e-11,1.733212537043009e-08,3.5101122465775997e-09,3.8096094728827886e-10,7.693592454976386e-10,7.197939056658795e-09,8.196253797360742e-09,3.5729617952241563e-10,8.100627724040472e-09,1.4532503288055062e-10,1.602205124245023e-07,8.222296016015446e-11,8.496182344024976e-09,1.245477518988219e-09,7.373704404441876e-09,5.809891339241312e-12,8.61013298938972e-11,3.003714633429682e-08,1.4550092628187342e-12
0.25775621377328967,3.339420011497087e-10,1.3465623004341845e-09,3.3329225886007675e-10,7.273825007477372e-09,2.3737408699455037e-07,1.3977864918729247e-09,6.123395387147257e-11,8.526653465679116e-08,1.1416237617581185e-08,1.4462973197003115e-09,3.429917603895738e-11,1.733212537043009e-08,3.5101122465775997e-09,3.8096094728827886e-10,7.693592454976386e-10,7.197939056658795e-09,8.196253797360742e-09,3.5729617952241563e-10,8.100627724040472e-09,1.4532503288055062e-10,1.602205124245023e-07,8.222296016015446e-11,8.496182344024976e-09,1.245477518988219e-09,7.373704404441876e-09,5.809891339241312e-12,8.61013298938972e-11,3.003714633429682e-08,1.4550092628187342e-12
0.25775621377328967,3.339420011497087e-10,1.3465623004341845e-09,3.3329225886007675e-10,7.273825007477372e-09,2.3737408699455037e-07,1.3977864918729247e-09,6.123395387147257e-11,8.526653465679116e-08,1.1416237617581185e-08,1.4462973197003115e-09,3.429917603895738e-11,1.733212537043009e-08,3.5101122465775997e-09,3.8096094728827886e-10,7.693592454976386e-10,7.197939056658795e-09,8.196253797360742e-09,3.5729617952241563e-10,8.100627724040472e-09,1.4532503288055062e-10,1.602205124245023e-07,8.222296016015446e-11,8.496182344024976e-09,1.245477518988219e-09,7.373704404441876e-09,5.809891339241312e-12,8.61013298938972e-11,3.003714633429682e-08,1.4550092628187342e-12
0.2566580503867014,1.2795999331938634e-09,1.6409583411833873e-08,1.4516752972295995e-09,5.628734494129698e-09,1.6491644610331003e-05,6.477457311083391e-09,5.510036283554674e-10,2.39458877394663e-06,2.703873586829405e-06,1.5042799805447264e-09,5.341445546788015e-11,1.7458042400610072e-08,8.246688456694489e-09,3.7886086632700284e-10,6.788132471331598e-10,6.800584715107336e-09,6.083706661296715e-08,1.591530725964663e-09,1.200469326244003e-07,1.1749886355656835e-10,1.9563165658397637e-07,8.225026853356217e-11,2.5136094359083472e-08,4.403205159366384e-09,3.490696047150715e-08,2.6498046944314598e-09,1.7263904198483832e-08,4.2397748565465305e-08,2.4894342978539042e-11
0.24572146484769128,2.801657853548456e-10,1.3959171761673926e-08,1.1761501885637036e-09,6.723630859687493e-09,7.895666947177411e-08,2.490333096698024e-09,9.839041343275102e-10,3.329766169748345e-08,1.3054662917923343e-08,1.407148474287386e-09,5.81099204356296e-09,1.7130571086574836e-08,5.011458663096723e-08,5.051581945869423e-09,2.426831545107408e-10,7.336064238717285e-09,1.1533645226944877e-07,1.2545054353308014e-10,1.643786407706556e-10,1.0507812717609273e-08,4.5252389913475e-08,3.40451659093782e-11,8.576423195053688e-09,1.4284967027517292e-09,7.769597604775403e-09,7.706448220697448e-11,8.617291860001047e-11,3.5269477658014785e-08,3.91248806090583e-12
0.2369912824054187,2.955511486357292e-10,1.7752170501746094e-09,9.328163535312987e-11,7.4454188425052765e-09,2.6200905635037062e-06,5.525547202391889e-10,1.9271054983427223e-09,3.5894730291108804e-08,2.2885541880290306e-09,1.3717965232918219e-09,8.493076828505914e-09,2.8516078116387846e-08,2.3197202159142612e-08,3.3686720986016714e-09,7.144646631655918e-10,1.1676383880450046e-08,1.0465688057473377e-08,2.7073197452483826e-10,1.1305630185760076e-08,6.522884961123239e-11,6.371317148299112e-08,8.295792635519456e-11,1.972488959388946e-08,4.161802351995095e-09,7.377255479477077e-09,4.305859506191492e-12,1.973395514702566e-10,3.541859177063433e-08,4.5109791152313077e-13
0.22977928208819098,2.9825182613945374e-10,6.439755988836514e-11,4.900641016313651e-11,1.4502382515097189e-08,1.5869431179786767e-06,1.3230587556311052e-08,7.659858796013864e-10,7.30079339131429e-09,2.468238148560546e-09,9.190613648327198e-10,2.3090026294534347e-09,1.940186096932604e-08,2.2118442228466513e-08,3.8521712149894395e-09,4.961545479532138e-12,6.177427517616141e-09,4.810018362069766e-09,1.1360462959429306e-09,2.0185831242126103e-10,4.5086797846548134e-10,1.9007038635942899e-07,8.54845429573302e-11,2.5593393770808746e-08,1.5123580897832804e-08,9.908515887380555e-09,8.695045861544744e-11,2.425380660247423e-10,3.0615607601947363e-08,1.0579063370413068e-08
0.2227771655652778,8.124648113073201e-10,1.542085153019232e-09,5.834157855521119e-08,1.458294134531864e-08,8.652959031530411e-08,1.9153317003438383e-09,1.6508072671382248e-09,7.168580590214023e-08,3.2530832130815465e-09,6.46455792045103e-09,2.3393157994009947e-09,5.3293461208725995e-08,5.034300217553677e-08,1.7950408554067276e-08,7.757372234790605e-14,4.94721873104177e-07,1.04469495310146e-08,2.509722566735012e-10,1.9411013735205555e-10,6.438737840244492e-10,1.453647401579403e-07,5.480794530344225e-11,3.5683125781424336e-08,1.7174427166630492e-07,1.4959034788797072e-08,3.0535966950140844e-12,4.075652169534542e-10,1.568646457213988e-08,4.1543322811085026e-11
0.21545854124418085,1.4234174444393549e-09,2.335561558833648e-09,1.5824161581179993e-07,1.4713411330507314e-08,2.8672946372640566e-06,5.578037337083238e-10,1.9178037404403933e-09,3.861930163602831e-06,3.4445242596270672e-09,9.893298491433892e-10,3.112020912848523e-08,2.8383855148082788e-08,5.2452733672507854e-08,9.644697733992101e-10,2.065624832818304e-11,1.1993934762947477e-08,4.8320391038790866e-09,4.362597950030485e-09,3.347721213238949e-10,1.1251029069493419e-09,5.843280676907536e-08,9.792515847972727e-11,1.9396728612578487e-08,1.4676926723385926e-08,7.391602384968848e-09,2.1326311658847874e-12,8.565115433599724e-11,3.526415476950462e-08,5.898152089349862e-12
0.20811529752836375,2.7554347967734916e-10,1.3440217650593667e-09,1.5055671043511749e-09,1.4677048830787396e-08,7.191857057106252e-08,1.4018544101567022e-09,1.7536159049265805e-09,1.3289889305708957e-08,2.503666843060463e-09,8.916433319255402e-10,2.3069476320043117e-09,2.6502001000009064e-08,1.7392677088829373e-08,1.4103110951687571e-08,4.203437018904471e-12,9.578536104426057e-09,4.860439625042922e-09,6.915748068741344e-09,2.005863340577665e-10,2.653507308804178e-11,1.07768106490357e-06,2.385318891278018e-11,2.3546877601091144e-08,7.749091160464004e-09,9.79942998359307e-09,3.0007210794286466e-12,2.5206389365813503e-10,3.066928980352919e-08,5.895736366247914e-12
0.20018881043429598,3.0187691055005875e-10,1.8570882889760888e-09,2.0466845308295537e-09,2.1278730742984043e-08,6.98539920055355e-08,1.4025053246527238e-09,1.2086370325097353e-09,7.851178312445185e-09,1.0043647278328032e-07,6.460908042302339e-09,5.998899766112873e-09,5.3302630096904704e-08,4.9775278762446884e-08,4.53862459621971e-10,4.5065781338721394e-12,1.1814269097203624e-08,1.1501335795790421e-07,7.787847407907297e-11,6.097779886103269e-10,3.140526835885802e-11,4.474673985565657e-07,3.521346017801792e-11,2.0070970929583943e-08,5.695125302671524e-09,7.366699589792232e-09,2.8053586956872456e-12,7.418425014214325e-11,3.054179106630457e-08,6.651981057847668e-12
0.19137349146909666,3.857496519864028e-10,2.054306012314742e-10,1.000766396687194e-09,1.4710461507767093e-08,3.3199903711028873e-07,1.4037962415003407e-09,1.0715602595697032e-09,8.554647468792807e-08,7.283922737876954e-09,9.903669046472963e-10,7.805391429342145e-09,2.914024632100027e-08,2.1466460313980025e-08,4.91043247063046e-10,3.138842234647734e-11,2.1243661882536098e-08,1.0596972712080015e-08,4.360103318992581e-09,3.3463192358112454e-10,5.890016872842247e-10,1.7157626293730638e-07,5.6291492218454046e-11,1.941623720108585e-08,1.6686843310575327e-07,9.79944475156408e-09,5.392669715341737e-12,8.15591177166469e-11,4.2075645447069014e-08,4.243231066937794e-11
0.08289994705759215,3.5695349701864014e-10,8.236668980276881e-10,1.9972305078860094e-09,1.8328434138743077e-08,2.8817641991849093e-08,1.4029198253564606e-09,1.8416482975397448e-10,1.3447888907521072e-08,2.5273278340430635e-09,1.939492813424318e-09,1.0632882981400022e-08,2.6580549583212456e-08,1.741368942437581e-08,4.427191893640224e-10,4.2522598558184e-12,9.36010133087679e-09,1.0281354434778073e-08,5.7092995190091466e-11,3.333494645630414e-10,8.852088554722664e-12,6.438921034025077e-08,3.583902966915736e-11,2.0546442747795443e-08,6.034003566858917e-08,7.377258966498847e-09,2.134108322866975e-11,1.3153403003430461e-11,3.046651699930157e-08,1.1626295018539977e-13
0.08289994705759215,3.5695349701864014e-10,8.236668980276881e-10,1.9972305078860094e-09,1.8328434138743077e-08,2.8817641991849093e-08,1.4029198253564606e-09,1.8416482975397448e-10,1.3447888907521072e-08,2.5273278340430635e-09,1.939492813424318e-09,1.0632882981400022e-08,2.6580549583212456e-08,1.741368942437581e-08,4.427191893640224e-10,4.2522598558184e-12,9.36010133087679e-09,1.0281354434778073e-08,5.7092995190091466e-11,3.333494645630414e-10,8.852088554722664e-12,6.438921034025077e-08,3.583902966915736e-11,2.0546442747795443e-08,6.034003566858917e-08,7.377258966498847e-09,2.134108322866975e-11,1.3153403003430461e-11,3.046651699930157e-08,1.1626295018539977e-13
0.08289994705759215,3.5695349701864014e-10,8.236668980276881e-10,1.9972305078860094e-09,1.8328434138743077e-08,2.8817641991849093e-08,1.4029198253564606e-09,1.8416482975397448e-10,1.3447888907521072e-08,2.5273278340430635e-09,1.939492813424318e-09,1.0632882981400022e-08,2.6580549583212456e-08,1.741368942437581e-08,4.427191893640224e-10,4.2522598558184e-12,9.36010133087679e-09,1.0281354434778073e-08,5.7092995190091466e-11,3.333494645630414e-10,8.852088554722664e-12,6.438921034025077e-08,3.583902966915736e-11,2.0546442747795443e-08,6.034003566858917e-08,7.377258966498847e-09,2.134108322866975e-11,1.3153403003430461e-11,3.046651699930157e-08,1.1626295018539977e-13
0.08289994705759215,3.5695349701864014e-10,8.236668980276881e-10,1.9972305078860094e-09,1.8328434138743077e-08,2.8817641991849093e-08,1.4029198253564606e-09,1.8416482975397448e-10,1.3447888907521072e-08,2.5273278340430635e-09,1.939492813424318e-09,1.0632882981400022e-08,2.6580549583212456e-08,1.741368942437581e-08,4.427191893640224e-10,4.2522598558184e-12,9.36010133087679e-09,1.0281354434778073e-08,5.7092995190091466e-11,3.333494645630414e-10,8.852088554722664e-12,6.438921034025077e-08,3.583902966915736e-11,2.0546442747795443e-08,6.034003566858917e-08,7.377258966498847e-09,2.134108322866975e-11,1.3153403003430461e-11,3.046651699930157e-08,1.1626295018539977e-13
0.08289994705759215,3.5695349701864014e-10,8.236668980276881e-10,1.9972305078860094e-09,1.8328434138743077e-08,2.8817641991849093e-08,1.4029198253564606e-09,1.8416482975397448e-10,1.3447888907521072e-08,2.5273278340430635e-09,1.939492813424318e-09,1.0632882981400022e-08,2.6580549583212456e-08,1.741368942437581e-08,4.427191893640224e-10,4.2522598558184e-12,9.36010133087679e-09,1.0281354434778073e-08,5.7092995190091466e-11,3.333494645630414e-10,8.852088554722664e-12,6.438921034025077e-08,3.583902966915736e-11,2.0546442747795443e-08,6.034003566858917e-08,7.377258966498847e-09,2.134108322866975e-11,1.3153403003430461e-11,3.046651699930157e-08,1.1626295018539977e-13
0.08289994705759215,3.5695349701864014e-10,8.236668980276881e-10,1.9972305078860094e-09,1.8328434138743077e-08,2.8817641991849093e-08,1.4029198253564606e-09,1.8416482975397448e-10,1.3447888907521072e-08,2.5273278340430635e-09,1.939492813424318e-09,1.0632882981400022e-08,2.6580549583212456e-08,1.741368942437581e-08,4.427191893640224e-10,4.2522598558184e-12,9.36010133087679e-09,1.0281354434778073e-08,5.7092995190091466e-11,3.333494645630414e-10,8.852088554722664e-12,6.438921034025077e-08,3.583902966915736e-11,2.0546442747795443e-08,6.034003566858917e-08,7.377258966498847e-09,2.134108322866975e-11,1.3153403003430461e-11,3.046651699930157e-08,1.1626295018539977e-13
0.07682891939873865,3.3275712927829575e-10,9.0040186156691e-09,4.463181333478947e-12,8.113491067751698e-09,1.6013377105147513e-06,1.197803599477112e-09,2.785534229187478e-09,3.109438250407019e-07,5.242876547745058e-09,1.312157860152301e-09,7.396831219763327e-09,5.0910575833771646e-08,1.715730731804405e-08,9.249463028031726e-10,1.0261604232466741e-10,6.1581766484397724e-09,1.0448431565516348e-08,4.228676370359128e-09,3.192334306209766e-10,7.401273377723378e-10,5.680051007312048e-07,5.5472923086516815e-11,7.5492640746094e-08,1.543209613633668e-07,1.0196787797539194e-08,2.4248189808779694e-11,5.3969593136201614e-11,3.5174349401209004e-08,1.110861231998143e-11
0.06177650544958013,5.731426143328103e-10,1.272632557960423e-07,1.6319412189903912e-07,1.4554705101918775e-08,2.608760891818149e-06,4.0861791572099637e-10,8.39899828342495e-08,3.865731997685558e-06,7.65941752089873e-09,9.65364709038805e-10,9.389932381450963e-09,3.268594202160116e-08,2.4574982529172803e-08,1.530335993788281e-09,2.8744571007261487e-11,6.41778568987807e-09,1.800143041895028e-08,7.3116772475888315e-09,2.493680676751332e-08,8.652445688727635e-10,2.1690785229517524e-06,1.205976165905225e-10,5.653425040745498e-09,7.472214172395626e-07,1.557636891142846e-08,6.73777963019138e-12,7.069627124231589e-10,9.29844463379486e-08,8.259784621970465e-10
0.04711281481890546,1.8924772915873743e-10,5.804746499273484e-10,4.807126808408946e-09,1.871162416630837e-08,6.45884420046989e-08,1.3784181587038907e-09,1.025719684479243e-09,7.855169282354705e-09,1.153795232654601e-08,2.4052262456081875e-09,5.05688007918264e-09,2.645363500577591e-08,1.7357527396972695e-08,4.4244010644742967e-10,2.3289218304993734e-12,9.609206561092877e-09,1.028224742636344e-08,6.289588638616137e-11,3.184653410234269e-10,8.879406344942302e-12,6.62525438690541e-08,3.5287427593952654e-11,4.5249382071934174e-08,1.2234881304035698e-07,7.22717920937104e-09,2.121806761712531e-11,6.344921812895753e-11,3.051104498272676e-08,1.4857118285724253e-14
0.032307454167271404,1.8665801220345316e-10,2.232341840078855e-09,4.8380569109271915e-09,1.8707148104903777e-08,1.1798328295291725e-07,1.4029156450953997e-09,1.0270921257979523e-09,7.853467860672862e-09,2.554010580077365e-09,2.3785252864492767e-09,4.841353601888053e-09,2.6462902952012158e-08,4.974887012191918e-08,4.420052193574386e-10,2.3355971819841943e-12,2.1243671701501314e-08,1.0282125094654219e-08,7.750734239204401e-11,6.798097211401886e-10,1.0439361820841415e-11,6.518652056157797e-08,3.527370560343424e-11,2.6633265281234592e-08,6.028418244748794e-09,7.23021186841484e-09,2.4189690073216216e-11,6.369610775399876e-11,3.055479588293941e-08,5.929518127305706e-14
0.016667252656114982,3.651072575693955e-10,3.5446414531954503e-10,1.1364103201328638e-09,1.4531271059031091e-08,7.087441182469303e-07,1.1814745868143761e-09,3.1159312138241774e-11,2.6957345994803707e-07,7.620295826741326e-09,1.019232009729762e-09,8.042960791186518e-09,5.077759826436651e-08,6.546735571690532e-08,4.3519520628928956e-10,1.0796383897219627e-10,2.3117092212439143e-08,1.0617544922286898e-08,1.1187714215769072e-10,3.3994037371324025e-10,5.889992349059973e-10,2.3280718489827605e-05,1.2894124625500795e-11,5.390142518034603e-08,2.6542206890580003e-08,4.552583601326118e-09,2.4387519295234433e-11,3.8828312569252596e-11,3.456815141729982e-08,1.7432888725663875e-13
2.7769149428882867e-05,4.187597983023165e-09,4.418991299563363e-08,7.223831260745938e-07,2.597051923013403e-08,3.633831259287968e-06,1.177440820297503e-09,9.83273903082246e-07,5.6378761423027955e-06,8.468224612406436e-08,0.036201127260934635,1.3818343438489229e-08,8.409759759717956e-08,1.713276269059031e-06,1.9484328002661685e-08,2.3062183099805712e-09,4.240309997800319e-05,2.642535664311763e-07,7.286897531526929e-09,2.5541957251561127e-07,7.356685545329188e-09,2.3312564072505515e-05,5.824311413644685e-08,1.3579406824944349e-08,8.82051812082848e-07,4.99352079652603e-09,4.2940266698032257e-10,5.126760267966269e-07,4.7683620561085493e-08,1.0798200794497012e-09
