0.8514170814651608,3.2687379901446937e-07,1.4454484827162177e-06,2.1444446498416084e-06,6.520939058041359e-07,2.326135714518175e-06,4.545231676996428e-07,8.246851756611746e-06,2.1390470317554969e-07,9.174804150096525e-08,3.269717896120609e-06,1.6568582485355653e-06,3.6332213642019475e-07,3.2833087218018367e-07,5.78792495468796e-07,9.518411500140069e-07,3.1965000432002005e-07,1.9252254275381466e-08,3.189436155303561e-07,1.225992204450919e-06,2.02973987245356e-07,1.1650492099421606e-06,2.239988373461023e-08,1.1985877247404103e-06,3.706611962995448e-06,4.0925574469930465e-07,1.5796452935182723e-06,1.3147763179515526e-05,9.960564475060503e-07,2.1555536353784207e-06
2.201523125823481e-06,3.5699008807332994e-06,1.5135345885500262e-06,1.2353113463197782e-06,7.452870478441331e-10,3.4619498045932797e-06,9.1387056842318e-07,5.0863160529266415e-06,2.098158413805336e-06,1.1617455294196389e-06,3.0303847164790978e-06,6.3944565953075565e-06,1.9087502375297052e-06,2.4644418895626953e-06,7.929639889352854e-07,1.0488550147268406e-07,3.200716347372303e-06,5.7060363394746486e-08,1.1069132901929493e-06,1.6144233335642573e-06,1.6960896886286673e-07,5.014135718441456e-06,1.4348666980399646e-08,2.8580733486521024e-06,3.0014789365563653e-06,1.6541639987420998e-06,2.556502582153826e-07,6.287940498839174e-06,4.141077086062907e-06,2.854089194735325e-06
0.8234192220364205,8.759301156592386e-06,5.405646878522726e-07,2.0912185482939638e-05,1.9919962017920544e-06,2.108657343963371e-05,4.800812043794896e-07,1.2483276750594557e-05,1.3545193929192308e-06,4.864875939301578e-07,4.750516173533148e-06,1.5583473271484216e-06,3.0463766363807724e-06,7.126781664016655e-06,4.6571051980006046e-05,1.7482127335728462e-06,7.045046094623528e-06,1.2144298386508282e-07,1.9294583329238605e-06,2.246097257827102e-06,1.4626111650037553e-05,5.232040987025704e-06,6.337753502325331e-08,2.2347208413448734e-06,3.0572222176458535e-06,0.00021336156277533417,4.5662912023341413e-07,4.483340812295855e-06,1.5049611434865789e-06,1.8587415469944891e-06
0.6186058111970958,1.9407807284044604e-07,1.4304475073729623e-06,1.2003642061199042e-06,1.3847393727843317e-06,1.6565588029518831e-06,9.968689234072487e-07,8.224739252464004e-06,3.126371533057579e-07,1.8508890528568092e-07,7.373024351534283e-07,1.365264433478962e-06,1.2405484975958789e-06,5.494180769915149e-07,4.826860508094909e-05,6.659104934890108e-07,8.392147049054787e-06,1.4003721639992516e-08,5.157374374229898e-06,1.9408382080800495e-06,2.690191834593184e-07,4.873828506361883e-07,6.7301218485825546e-09,4.112828307782055e-07,1.1022179389302157e-06,4.635905072199653e-06,1.6035808827152429e-07,1.6839620874608002e-05,8.478771148980262e-07,7.5042814523790425e-06
0.6526271692219786,1.7348296698185403e-06,2.7863622647246786e-06,9.135578186042167e-07,9.576652608919654e-07,1.7916558113667162e-07,9.128449305295588e-07,5.466004312601827e-06,3.804935435547275e-07,3.442678203627914e-07,1.0853407958740578e-06,5.63574062552319e-07,4.262476263293512e-07,1.9503144611821845e-07,1.2647979619925545e-06,8.804847493598907e-07,3.0023649159483276e-06,1.911173104003452e-08,8.259511716365116e-07,9.501960954927466e-07,1.177040786038801e-07,4.595925792716393e-09,1.3105512107212945e-08,1.1014533140849194e-07,3.177888231173434e-06,2.0244873139552798e-07,2.7908353179915195e-07,7.272671095074278e-07,9.335023533272739e-07,7.484369919678104e-06
0.45377800664892404,2.9040772848145425e-07,3.6182414837365173e-06,1.3757887218788578e-06,1.2481979826873213e-06,8.506008115461038e-08,1.7514129946719997e-06,5.093986409415751e-06,1.0273111669414256e-06,5.628192141676579e-07,1.7288919477958732e-06,5.635933798119415e-07,4.46626735692899e-07,1.4686575897897649e-06,9.306906223882159e-07,1.653999347511024e-06,3.07122986555473e-06,2.502381882979993e-08,4.3659295868023955e-06,2.134854289565955e-06,1.567272706739217e-07,6.046318647335533e-06,1.637094331358477e-08,6.6472918741859e-07,2.2674908094448603e-06,3.679097970946147e-06,6.585412786718051e-07,9.22102653618632e-07,1.6719231368268483e-06,1.2301964909045908e-06
0.40933107161087257,6.574153503743953e-06,3.0328292891354955e-06,3.5712103128770805e-06,6.023890101168699e-07,3.7496558087131514e-07,1.0106459959305567e-05,6.949229250373067e-07,1.6322689268802307e-07,1.4392585080932746e-06,2.2654600480591183e-06,4.0289201688437126e-07,2.8905958971169303e-07,8.974432560081013e-07,8.943744859897569e-07,5.89682508311318e-07,1.805217450983031e-06,4.320586192167227e-08,4.200644068035396e-06,7.717880278376077e-07,1.1035860509445075e-07,8.025068270852943e-07,1.755312291552473e-08,1.0543397486856884e-08,3.3731969491770477e-06,2.5309719195344955e-08,6.55744267396733e-07,6.870309695462299e-07,9.280640049056992e-07,1.0775515692509865e-06
0.25758323632108643,3.334077218025502e-07,1.6829340973376582e-06,7.675481263718815e-07,5.363517118271412e-07,2.554697204348122e-07,1.0997761681059397e-06,1.2609862524749671e-05,3.8184905870838495e-07,5.030356660825448e-07,4.973144025356594e-06,1.1958779460546905e-06,6.956564808743442e-07,3.827579802438047e-09,1.0299371397378396e-06,1.822949600266809e-06,9.155336885421792e-07,1.225585766280091e-07,3.415710982542842e-07,1.945749786086309e-06,3.947808361703696e-07,3.061130196019213e-06,5.446632264880001e-08,1.783916945842666e-07,1.0816277246907566e-06,2.4206657469866884e-07,2.1266566597946354e-08,4.273410634714252e-07,6.090885642627248e-06,7.732231598310386e-06
0.18261437117489396,2.5800489809627504e-06,5.92383674000754e-07,7.543354671251954e-07,1.884397876897022e-06,1.8822235615311584e-05,4.5541430415633005e-06,3.3616518145118985e-05,1.268596689433163e-06,3.0165920889813763e-06,1.5247405845307284e-06,6.277530245842902e-07,2.7705316711961567e-07,4.01424697576523e-07,1.39323872159722e-06,1.7064978671508103e-05,2.1886040185871968e-06,2.1469412902283663e-08,2.8997735695400435e-06,1.052237661053472e-06,1.971691322724877e-06,1.8063535104825893e-06,2.357675447128273e-09,4.182650285178705e-07,1.0366374385770774e-06,9.387669534300518e-06,6.087778689079102e-07,1.5694942755677203e-06,9.801109189477813e-07,6.866585107544042e-06
0.08302620386248344,1.3010671102200393e-07,1.5804932728471876e-06,3.5074256681515478e-06,2.1723161718602207e-06,2.456055105229407e-06,4.1627149744069175e-07,8.739159078338896e-06,3.986097457967502e-07,5.582169459704488e-07,4.8913745949290785e-06,5.732984765383132e-08,6.355913772947385e-07,3.3500736522373383e-06,1.4811230082415866e-07,4.739702744552986e-08,5.85256867823884e-07,1.0844453282068645e-08,2.112473639226416e-07,1.6856374045661045e-06,1.5536112101403515e-07,9.527485069935737e-07,5.565637737761232e-07,6.65804472675462e-08,5.847376838214291e-07,7.147310644284899e-07,5.17060258701428e-06,1.6511141046414132e-06,2.6729543545005523e-06,1.6775341817070786e-06
0.424571152315366,1.1122243190748089e-05,1.6620310369367986e-06,4.948394895027039e-06,5.962897096233183e-07,2.5018278301899267e-07,1.0086389775971925e-05,3.1409561828409713e-06,2.2164158650330007e-06,1.4675106860580926e-06,2.2021717940916225e-06,8.207597848960112e-06,1.9473948972952763e-06,8.044905551426138e-07,1.9203566721881254e-06,1.8103776589708811e-06,2.9403934816314955e-06,3.738784686538046e-09,6.235731485190643e-06,5.99844863219957e-06,3.981700577189333e-07,7.08518065977001e-07,2.685994826513443e-08,4.154492123204879e-06,3.482669026375476e-06,6.816839336802826e-07,4.1864363977053567e-07,3.611583027459112e-07,5.941737230056981e-06,7.858126347881368e-06
0.6369575348338606,5.426460013720133e-06,1.1209590672308055e-06,3.095082438232627e-06,6.160054140695368e-07,3.661991890160055e-06,3.7040180533283906e-06,5.669231726494109e-06,1.252057229855888e-06,1.1541515900032412e-07,5.295996093184453e-06,6.29198498681325e-08,7.574853416069653e-07,4.202162233762113e-06,1.2126785823315997e-06,2.545903874595984e-07,5.917216702503139e-07,9.745680434878756e-09,2.2025711313335767e-06,6.861212411068968e-06,1.1960368856912186e-06,2.2060436413964037e-07,2.2217196687585198e-08,2.984330918605819e-07,8.436829682685868e-06,4.4577828840660805e-06,6.320601185666512e-06,7.681287522188267e-08,1.923288969333355e-07,9.708203347862202e-07
0.6331533891398903,4.2290203867301235e-06,1.8132314499207692e-06,2.0501997838997687e-05,6.963837075479563e-07,0.034076427119416455,1.0998591072180562e-06,8.248548650563427e-06,8.747218494811039e-07,1.784079163064105e-06,3.363007925035021e-05,5.528509752543059e-07,2.7499205212502766e-07,9.473178271406562e-06,1.419450940288525e-06,9.064573993074322e-07,3.005023110252412e-06,4.0935591641841124e-08,7.524992431948477e-05,2.274876129681494e-06,5.737476894074328e-07,6.150539766083041e-06,1.959234535634379e-07,2.2817202160886663e-06,3.7014178226075817e-06,1.314752155076351e-06,2.0993273750867487e-06,3.2794260625784153e-07,3.4922911392004433e-06,8.146808603544363e-06
0.42824498213934903,6.48529100030883e-06,8.979292668213981e-07,1.8819096024799598e-07,1.265769503637982e-06,6.501783189473023e-06,5.8447368173837315e-06,6.871693407383045e-07,1.2667815316297797e-07,6.524412883219722e-07,2.2707071251294635e-06,4.0370570028943695e-07,2.8729812630245706e-07,6.929199468356142e-06,1.1775735475616671e-07,9.238537308697379e-08,8.187384719381616e-07,4.3455535225730836e-08,1.0491475320398813e-07,8.796329810453219e-07,1.6840084106166028e-06,4.4942321169853697e-07,3.518594393394232e-08,1.0191953147035514e-06,2.118668954068466e-06,3.39917512917488e-08,1.046714000476772e-07,2.795164394500951e-07,9.239661274430125e-07,1.1933811529808384e-06
0.42129504554955893,1.4021512798618406e-06,1.8844608618286673e-05,1.540108884506009e-06,2.961024712864435e-06,1.632583134728202e-07,1.5404901135320442e-07,8.76801591210654e-06,3.1261403026979836e-07,5.332026487237982e-07,5.859103265049702e-06,7.431747796108884e-06,1.6995947909557201e-06,1.424229197246614e-06,1.4456285916916e-06,1.7507498643349184e-06,2.3086942374055075e-06,3.586499945550222e-07,3.8637116253545825e-06,7.3282247640549e-07,5.504710233133221e-07,1.2006689461587691e-06,1.7567073378886105e-07,5.947460986133663e-06,2.9449114532091535e-06,1.3164122775942783e-06,1.5890082897697542e-06,1.4760843156070148e-06,2.5917339678670756e-06,1.7942842648328663e-06
0.048825198526898594,4.179480328209063e-06,1.030027829271218e-06,1.2252402284516907e-06,1.1735636665099166e-06,3.844310011100916e-06,4.539177201043291e-06,4.768590786469766e-06,8.714089136047084e-07,4.914295652118333e-07,2.4087888529255473e-06,4.637781411337888e-05,2.9659175854480287e-07,2.2031572482965804e-06,1.3046286529952573e-06,2.8810467634265507e-07,3.1754522702148916e-06,5.065190965795748e-07,4.25680538443471e-06,7.612642923855546e-07,1.4896627857661264e-07,3.412755637428574e-07,4.486547689146913e-06,2.687794952029837e-06,2.3394239433222996e-06,1.6639058989326151e-06,6.591510277823725e-07,4.047656631013068e-06,2.961076697981089e-06,8.586877527037519e-07
0.017284797340306024,2.6422354744439702e-06,5.196323575065089e-06,5.026781389545232e-06,0.00024319531922080417,8.87539954545553e-07,5.074896422393592e-06,6.328289251697615e-05,9.925239721829879e-07,1.8876570328287178e-07,3.885233097782171e-06,3.6048861275699708e-06,1.653474534615096e-06,1.4690813420382385e-05,6.17189575944524e-07,9.107823569521023e-07,5.749760229118232e-06,4.4415384279330404e-08,5.8518114376686464e-06,2.0355875321795813e-06,1.0207874112360323e-06,3.606610878140361e-08,2.903678833993411e-06,1.1014141702983018e-06,1.0890734827305147e-06,1.3410906040212766e-06,9.032106661548352e-06,1.8062616755961404e-07,8.622155824207805e-07,6.788682255583766e-06
0.22595626799763,4.958288286424931e-06,2.258856997689886e-06,3.241613372472592e-06,0.00044042555579015645,6.421821906859917e-06,1.1414212494629597e-05,0.0001476665322528055,0.0019652395272840946,5.239089258840037e-07,1.5412855475612556e-06,2.1959591182790977e-06,7.0597275764661015e-06,1.912720074504666e-05,1.3779406968930542e-08,1.2152506954831773e-06,3.5290190752002074e-05,0.00018219898068774507,5.904143446774871e-07,8.797684357105869e-07,1.1990295462090779e-08,2.2183470720310294e-06,1.650602338417776e-07,3.99319971085854e-06,2.924330934428277e-06,2.713525485882859e-06,9.568856716975887e-08,0.0005000928185270731,5.724103723092096e-07,5.511774016558126e-06
0.20618772116451142,5.284241885144279e-06,5.961875381839644e-06,2.4385534395736285e-06,8.251419125644159e-07,4.0811055659801174e-07,5.25455104064732e-07,0.0006667892735382,5.598754297063459e-07,4.0474003241388525e-07,6.739792519020376e-06,2.8283955423310472e-08,6.969634070984055e-07,7.144802821762933e-06,4.5072987234384484e-05,2.0021684520739964e-07,2.2607963239340566e-06,9.559917485802096e-09,8.333997817504554e-07,7.015263178073461e-07,7.810711653306075e-07,6.317155076200532e-06,3.4078602572612704e-08,2.293099030024209e-05,3.494387694499725e-06,6.560126439556143e-06,4.028810777521075e-07,3.4992752741146683e-07,3.2285180558496236e-06,1.2131224138701317e-06
0.8361026322092767,4.217912519789346e-06,9.190923582787503e-07,2.0059405134566444e-05,7.418378717870241e-07,1.555802573496388e-07,1.4503369683862298e-06,1.1636338200140671e-07,1.538331379731307e-07,2.7088390499574406e-07,2.1437670122775743e-06,4.029216071060141e-07,3.733017412263261e-07,2.5360002146966237e-07,6.287076929012981e-07,5.760326683318296e-07,1.8067389172799978e-06,4.105482189290765e-08,2.015133343058391e-06,6.498291708631539e-07,1.0078577102784039e-07,9.462037134769881e-07,1.959234535634379e-07,3.1358456076063316e-08,1.137700330372132e-06,1.8773612369211225e-06,4.294963006724146e-07,3.1373479067004616e-07,2.9796667744484416e-07,1.069777107957604e-06
0.8453163236724769,2.5748411106269155e-06,4.091977286424139e-06,1.9857922415468494e-06,9.092068854812481e-07,4.5711751899287675e-06,5.8507454110314565e-06,4.0716072097073694e-07,2.0784538860022128e-06,4.082673955231764e-07,3.1449597886301466e-05,1.7124252687743851e-06,1.3369792312378324e-05,0.0019683783690510933,1.4328475437749529e-05,2.7909699107055403e-07,1.5415733280965628e-06,1.6134027276614397e-07,3.903403976561985e-05,4.0170187084156465e-05,4.969997853052e-07,2.3327971245896697e-07,3.0625166808773816e-07,3.8079838136241115e-06,3.3986322896180068e-06,1.1231426001112161e-05,6.57216582173174e-06,8.51956184490824e-08,0.0009061478525775844,1.887555613897839e-06
0.01222993714033871,3.1069267465001875e-07,1.1699892867782879e-06,5.173937153278983e-06,2.1099693660007977e-06,7.306280301350027e-08,4.434006368409714e-07,4.553117857117562e-06,1.2926513786385796e-06,3.7502571604236913e-07,2.4328601468738565e-06,6.15110390781656e-07,2.0180592181221327e-06,3.878305400851294e-06,9.22861490107038e-07,7.520885875687272e-07,5.956761417819069e-07,1.3447527148956336e-08,6.143249982055567e-07,8.63923144302542e-08,1.700612379082555e-07,1.2478742003945708e-07,2.5054857669250174e-08,5.340402488279718e-07,2.2164331805095625e-06,1.0331879674030024e-06,2.4147688994245736e-07,9.95060776728351e-08,2.616872061862626e-06,1.313965053625811e-06
0.20803669238535435,2.3363103775544625e-06,5.82757881042256e-06,1.133005037016768e-06,1.6404173528475037e-05,3.595530911355126e-06,5.693095700419904e-07,5.068911716896132e-06,1.659977569012395e-07,1.9331454131361886e-07,3.006742331978686e-06,1.3943389800318034e-06,8.380092849425415e-07,3.882039751269868e-06,6.573837330451858e-07,1.9085187633540064e-06,5.244548660700337e-07,1.1432155611201618e-08,6.131858979131145e-07,1.8811516738479395e-06,7.765504200121577e-07,3.0792661486571116e-06,4.6210963959075817e-07,1.098800191263738e-06,9.013560099463843e-07,3.922157312930828e-06,2.3755016391588917e-07,2.1591871671294037e-07,2.685074010728238e-06,1.091329239767582e-06
0.6262256040615009,1.7390989308337567e-06,7.712070281144528e-07,3.423813104746261e-06,8.336736132632166e-07,1.8524225119519904e-06,5.249201272760507e-06,1.7347390309046905e-06,8.71479850206048e-07,1.7665645650651447e-06,1.323189641988879e-05,4.3538470062368113e-07,4.6929752119547467e-07,7.77445130869668e-06,5.0766504617455514e-08,6.409101758358937e-08,1.6195333274316236e-06,1.0174056948599734e-07,8.583637882698692e-05,1.0350274364969875e-06,1.2116982746177767e-07,7.871278782571444e-08,3.803503875481495e-08,1.0133838933345073e-06,2.9133293537736e-06,6.4760957746633e-07,2.0727541518847764e-06,3.1743194594327915e-07,9.239070988299494e-07,2.8075808077315844e-06
0.8317142905610245,9.370884123976184e-06,5.329917426949718e-06,2.497971634670074e-06,1.890985341260176e-06,3.445379902687321e-07,4.431810602382332e-07,2.407387513699786e-05,1.7508067961524612e-07,4.83876793661892e-07,3.4632257939640116e-05,3.189969249906589e-08,3.0314810851376704e-06,7.126781664016655e-06,4.503945476112128e-05,1.7524744885454997e-06,3.1362847469684715e-06,3.118924476223712e-07,1.9258509031128556e-06,6.606019670297342e-06,1.0072276552015205e-06,5.178269749462894e-06,1.6097311522651977e-08,3.902193318826869e-06,3.102434190349926e-06,0.002633402763734175,4.1670703362351907e-07,4.483340812295855e-06,3.85720572059234e-06,1.7500714552391795e-06
0.006418416023905724,2.1824654979275713e-06,4.2360647906072485e-06,1.3968875934773657e-06,1.1391240887194132e-06,2.3932250418623387e-06,6.466959589313841e-06,2.6333856046494182e-05,1.3448673105919812e-06,4.213961719752558e-07,4.9942550468532235e-06,0.00050623099562622,1.8010519908830724e-06,5.9418136358924544e-05,2.0730128390527363e-06,1.0217284746948894e-06,7.366874486834905e-06,3.175978051847519e-07,1.2193649666750676e-06,3.953864866845936e-06,2.6772244239053077e-07,2.5441179003530534e-05,3.473382575248284e-08,4.208256427762535e-06,2.2614340871561727e-06,6.6208159994380925e-06,7.49749895910271e-07,5.852939344167397e-07,1.4822708066376383e-06,1.1358883279911149e-05
0.8279884475589996,8.759301156592386e-06,5.305255602659944e-06,7.758636001474673e-07,1.9227943889755855e-06,2.4049784981092118e-05,1.1060242951872233e-06,5.8311128558553476e-05,1.3729933118803334e-06,4.953009432554061e-07,3.359506019870926e-05,1.5435681439748768e-06,1.3725573419808251e-06,7.027952086213297e-06,1.819667582884e-06,1.9444870402296177e-06,1.59091764713671e-06,5.960540025765057e-09,1.9101223147086244e-06,2.2863103520474596e-06,1.4626111650037553e-05,3.5211616358748445e-06,1.6886273196175234e-08,3.965226718866288e-06,3.092979952419657e-06,0.0026724288763202253,4.729455698141422e-07,4.483340812295855e-06,3.961591531432306e-06,3.519540830944871e-06
0.6392978958873423,6.934633220324172e-06,3.542869028445062e-06,1.565862017082044e-06,6.898825341740436e-07,3.971075828724999e-06,1.3887993459058516e-06,2.4232861232570422e-05,6.201663065585409e-06,2.779282116185761e-07,2.2201116481893996e-06,2.952747816356299e-07,3.9630464104370936e-07,4.378277573939934e-06,1.2263692029408149e-06,1.370015065910187e-06,2.2017615448319114e-07,1.7036216942899093e-07,4.665016548539489e-06,4.372942970240295e-06,2.664832473498185e-07,6.132876738615023e-06,2.7640954471956198e-08,9.103190161526685e-06,3.045272088038528e-06,1.7320388406585257e-06,6.73198891399653e-07,3.9865079004692056e-06,2.6872812588249577e-06,9.91670662594241e-07
0.20203372735224,2.4617280388078606e-06,8.242821584697637e-07,7.417812504834591e-08,8.643336376272648e-07,6.792383958611194e-06,1.333464541059323e-06,1.5784255503045513e-06,9.007998889090923e-08,2.1895090435286856e-07,9.70478610720052e-07,1.2200837934506155e-06,3.073858921146307e-07,3.5087419920293766e-07,1.286735332587522e-07,1.7050893318588337e-06,3.2292507403335025e-06,2.1533881392941388e-08,1.5113885721131444e-07,8.406310101257019e-07,6.555533361297306e-07,4.3532344501967733e-07,3.28985626771768e-08,5.0963888364753665e-08,1.0686486119393084e-06,2.7515829239428138e-06,2.2241036629996145e-06,2.2706835628570959e-07,3.167250852479564e-06,1.1554911014458542e-06
0.4449997947198101,3.101731371352427e-05,5.255613773835697e-06,2.279956131122608e-06,0.002004959345357042,2.6149425321782753e-06,4.97886105475352e-06,7.074672398214475e-05,9.65765740298941e-07,2.7532160551748616e-07,7.073849921895488e-06,8.60999220978661e-05,2.736481860609361e-07,0.0001594548436647171,1.0921307240567293e-06,8.91155562522582e-07,5.749760229118232e-06,1.6878374148422475e-07,5.6195283485758825e-06,1.641547938589957e-06,2.603255982402939e-07,2.8809822741422447e-06,4.753753209754676e-05,1.1063008869321902e-06,5.451310489577981e-06,1.1394816537722917e-06,8.85972198700958e-06,1.5786000883423187e-06,8.783025931218955e-07,6.558403294248695e-07
0.8256720868250974,2.3710355209623825e-05,1.8991564303884543e-05,1.4107146122960214e-05,3.313590272293387e-05,2.3900249340335534e-05,1.0343936192032068e-06,6.342762787142629e-05,2.10266552548195e-06,4.091059471484417e-06,1.1789031752639397e-05,7.496042117290393e-06,1.0878595984124519e-06,0.0001345862666000344,2.4142101445613144e-06,1.8344980542895043e-06,2.637749735398639e-06,3.2284482122201757e-07,4.0900586580488695e-05,7.133148825059205e-06,1.459574039007173e-05,8.340898499657862e-09,4.465372680576309e-08,4.366605505778931e-06,4.9483126877544875e-06,7.939968943096944e-06,2.2078516229127315e-06,1.786192570652327e-07,8.64182787261093e-06,1.6628420591302648e-06
0.6200047340341228,4.9771131841678766e-06,2.7127071511924456e-06,5.684690504548764e-06,2.2861562365481513e-06,5.229004589288677e-06,3.3902013584428977e-06,9.29405874642138e-06,1.8535654625088112e-06,1.1603254372849088e-06,6.2660132383015875e-06,3.2426051492661136e-06,2.717636276673996e-06,0.0033355165988143715,1.5863754054766108e-07,2.4237315113040864e-06,6.375882913652514e-06,6.095463815204696e-08,5.303666379463051e-06,4.2888960181327075e-06,3.5279187335787554e-06,8.365826855592208e-08,3.337094577872711e-08,2.2628514988140512e-07,2.148823050142782e-06,1.2894667943122017e-06,4.4155386652956116e-07,1.1489371182168838e-05,2.677022065254582e-06,7.49354210264009e-06
0.43536416052260374,6.846169840718578e-06,5.309360161473377e-06,1.1061717449294745e-05,2.947400696874614e-06,2.7935798312511843e-06,1.3210020474396821e-06,2.2288105444494432e-05,1.2261007587967679e-06,5.61754487505568e-07,5.0093249581379806e-06,2.2666567188480034e-06,3.0264431296267553e-06,9.824323230267069e-06,1.2263692029408149e-06,1.8006232412144102e-06,3.132528788927127e-06,3.4367550601311524e-08,2.1027980790390032e-06,2.4585726999001214e-06,1.4114688329497136e-05,6.087517925004964e-06,2.4722865395554645e-08,2.1207278928709072e-06,2.971494020947165e-06,2.0688713591406494e-05,3.322888242290504e-08,2.889189851706776e-07,3.9504889209386905e-06,9.868309127318324e-07
0.18633217562198742,2.5800489809627504e-06,5.92383674000754e-07,7.543354671251954e-07,1.884397876897022e-06,1.8822235615311584e-05,4.7234597012607294e-06,3.3616518145118985e-05,1.268596689433163e-06,3.029956846052377e-06,1.5247405845307284e-06,1.6430533814032848e-06,2.7705316711961567e-07,4.01424697576523e-07,1.39323872159722e-06,1.7064978671508103e-05,6.5212842581545e-06,2.1469412902283663e-08,1.5514806995219017e-06,1.052237661053472e-06,1.4254122901230926e-07,1.8063535104825893e-06,8.512152683043299e-10,4.182626588389916e-07,1.0371302400816707e-06,9.387669534300518e-06,9.622900371124562e-08,6.124788840096381e-07,9.80184628831325e-07,7.024057435208207e-06
0.04221446288002885,3.679629555648027e-06,2.2418621063453896e-06,3.2799616163668098e-06,2.176036183484932e-05,2.548184994785402e-06,5.917325653038672e-07,6.53719190284896e-06,2.2331942171200307e-08,1.1509392207642268e-06,5.489664475895872e-06,0.0005967714379248177,3.543824412662584e-06,0.0001646603785440201,1.4876806294001742e-05,2.2785029456143136e-07,3.0255610587092955e-06,8.694467118368435e-08,4.046836856816337e-06,2.0868720962296093e-06,6.333793329974649e-07,1.7841932385194119e-06,3.345004676517826e-08,2.4118122909891526e-06,2.954947583928958e-06,1.3088272092941635e-06,1.0177201789735982e-05,1.541028358999663e-07,2.680488392785039e-06,7.863904045297663e-08
0.07056292165315459,2.1488700850385032e-05,1.8455981051373187e-05,1.3245651421018281e-06,1.0440968695892747e-07,2.4908425732187265e-06,1.8229848669758316e-06,7.79609797901844e-06,1.148853572351709e-06,5.095990235178958e-07,3.4203007769933557e-06,4.614807232549462e-05,2.2610244871087006e-06,5.17368708644802e-07,2.3291638516540593e-06,1.7339916900649377e-06,2.989753877627254e-06,1.2846249743966572e-08,7.724923122497182e-07,0.04429723444431826,1.3156969486102832e-05,1.2615677527862997e-07,8.762708386949816e-06,2.2096688203650587e-07,1.8976980503194542e-05,8.247113284592055e-07,2.6506144707516404e-07,6.878101777965866e-07,1.6717827642077363e-06,2.5311714955985356e-06
0.22371078441433137,6.141452292016993e-05,1.4331088657469259e-06,2.799943651781864e-06,7.714710346780638e-06,1.9646416536933344e-05,1.1646432767445479e-05,9.056393650703605e-06,0.0024108140752855988,0.025421957403113468,1.7074715335148954e-06,1.9237428078363458e-08,3.404529995438873e-07,4.01424697576523e-07,2.1726569778948014e-06,1.7064978671508103e-05,2.924183168074415e-06,2.1469412902283663e-08,2.8997735695400435e-06,1.052237661053472e-06,8.753403653656416e-07,1.1087166064900748e-06,1.6093839103240668e-07,3.892984689494966e-06,1.0905199909382968e-06,9.387669534300518e-06,8.322799307509579e-07,0.0004295096254448633,9.853440430216736e-07,6.866585107544042e-06
0.8243056715300763,5.183649929036151e-06,8.217989245935391e-07,1.4462127271446867e-06,8.313036142936725e-07,3.756476131282016e-06,2.1161921354786635e-07,3.124413931203298e-06,3.338570204517839e-08,6.454366339686419e-07,4.172499699884328e-06,1.2200837934506155e-06,6.700246233666021e-07,9.044756244717661e-07,1.676822367523193e-07,2.8206031277929863e-07,9.498333603199173e-07,3.058593015946049e-09,1.0353092933388591e-06,2.711803747385953e-06,6.555533361297306e-07,6.2094917384831e-07,9.760230747371148e-08,1.3713353808963035e-06,1.2770540008179897e-06,6.652164144711392e-07,3.7472825025876843e-07,2.6949169975534024e-07,3.167250852479564e-06,9.059742832055763e-07
0.21189685385697643,3.160231534450401e-05,8.217989245935391e-07,3.3060392796208405e-06,2.182554363515183e-05,3.798808828339964e-06,1.3437508238963965e-06,6.23678884096389e-06,9.007998889090923e-08,1.0858755294985123e-06,1.7215290731494978e-06,0.0006401447444760563,3.491712721426681e-06,0.00016534104326807765,1.4943911437168015e-05,1.7034242705985044e-06,3.2292507403335025e-06,2.1533881392941388e-08,5.5803290115787235e-06,8.643636953403241e-07,6.555533361297306e-07,4.395748425169521e-07,3.28985626771768e-08,9.648913721938633e-06,1.0686486119393084e-06,4.2435831606620844e-07,2.2241036629996145e-06,2.151748196027538e-06,3.167250852479564e-06,1.1262446113358016e-06
0.6281507601021886,5.068656515579201e-06,1.1188079907553134e-06,1.0662492523619406e-05,2.865232314913305e-07,6.54187785770524e-06,4.470599102480654e-06,9.693575775507062e-06,2.257536113771789e-07,2.052425647178414e-07,6.912215342467415e-06,1.2733081930121335e-06,3.093865418382335e-07,0.009496740465190383,3.137914873513556e-06,2.644309198692197e-07,3.255605048400653e-06,9.739962264240374e-09,8.373441138948198e-06,6.515766475596369e-07,1.914114774910604e-06,3.435607228928005e-07,4.242646989037333e-06,1.4112595152655797e-06,3.7028776316727373e-06,1.3917349770009795e-06,1.5020208757608234e-06,1.605326303873146e-06,9.62639284965414e-07,8.591133301749291e-07
0.4130573271256038,3.5844549589714045e-07,2.7932767122297173e-06,3.532064205405049e-06,0.00014661428835367404,3.469609882557932e-06,3.872233635801227e-06,6.633420618459108e-05,9.83835963690178e-07,4.246578722058346e-07,1.0529931140219398e-06,3.6014099937701584e-06,8.574176303877582e-07,1.4363089907297921e-05,7.954435250930991e-07,5.118803385141926e-07,5.752892289336494e-06,1.8728803365251606e-07,8.863872174340313e-07,1.6421222210452792e-06,1.018474834779037e-06,2.983246894024827e-06,3.0707743158384315e-08,2.3394311106310882e-07,3.380568867978754e-06,5.668843740040963e-07,6.911249367304523e-07,1.8857824845224027e-06,8.784431924863203e-07,1.0877908376119823e-06
0.8266969294768296,2.9490727921178806e-06,5.63248331725125e-07,1.097024963971322e-05,8.186462679286542e-07,2.9710753818497856e-06,1.2189292225487937e-06,7.031073509709405e-06,2.0888829296407608e-06,4.957734848657616e-07,1.6935475957201583e-06,4.380605851019969e-07,4.2388912120135806e-07,4.430116796713358e-07,1.5136950944085289e-06,1.6699066460710505e-06,2.7622280867274124e-06,1.680301704446618e-08,1.540277581579104e-06,1.0110691419640655e-06,1.7521678796857405e-06,7.128676458333049e-07,2.9950109139431675e-07,3.3905320252944655e-07,9.692787653454718e-07,2.3023797237727427e-06,2.481737146530708e-06,1.4928184723878609e-05,9.124180127037243e-07,1.7802507372312017e-06
0.18924066972437398,3.273790415228772e-06,3.1530222598401357e-06,4.818082896002919e-06,6.799023248749097e-07,2.443447185591981e-06,4.31770808787661e-06,6.934675146053903e-06,2.7787915864990796e-07,6.911705008571935e-07,7.001212062010912e-06,8.477810652932034e-07,2.4143311644340196e-06,1.4724784673427666e-05,6.937163584513034e-07,1.7665291040339415e-07,3.1793095197657696e-06,1.3597895421890227e-08,4.087115469028097e-06,1.161777139108343e-06,1.1202760058696637e-06,6.986273688505758e-07,1.670935657416629e-07,4.0997573461242404e-06,2.811623939441549e-06,1.3657908586984996e-06,7.387164475925481e-08,9.943895649214221e-06,1.4823566464774353e-06,1.1302118655367934e-05
0.009430499919880264,2.5760911909273696e-06,2.5981707988425535e-06,9.847964695671784e-08,0.00014661428835367404,3.4821516581546344e-06,3.2391830299965262e-06,4.757071366212441e-06,2.1736909819070794e-08,4.920356296524461e-07,7.424240144074668e-07,1.2055506217816726e-06,3.1648969061844616e-07,7.036739225084775e-06,2.4848800993563127e-07,8.874721024414974e-07,5.781870211525027e-06,1.5897676460566135e-08,8.863872174340313e-07,1.6463982548751104e-06,1.0207874112360323e-06,1.4424266471006907e-07,7.204000359590227e-07,5.838475313269058e-08,5.407056058907737e-06,2.259873790060689e-07,4.4090106567174566e-08,1.8857824845224027e-06,7.199263678496373e-07,2.6075588254817795e-06
0.21642892357586996,1.098083466617432e-05,6.270853378990928e-07,1.0156091473624415e-06,5.990542427385371e-07,2.5018278301899267e-07,1.0106459959305567e-05,8.623188306688454e-06,2.170669575775971e-06,3.502080126645525e-07,5.306852729993454e-07,6.187716541209375e-07,1.8174625342735345e-06,7.891114500048243e-07,1.8936524334656779e-06,1.8103776589708811e-06,1.7679407761389585e-06,3.5840867793180805e-09,1.5566969698352793e-06,9.311132238089003e-07,3.980627971764756e-07,7.08518065977001e-07,2.685994826513443e-08,1.450647447115794e-06,7.753107793347655e-07,3.4366660127869963e-07,4.0857415449772317e-07,2.6946483118158876e-07,8.932787211524568e-07,1.0775515692509865e-06
0.6441543197614122,1.0562396187956875e-05,2.6229754277827662e-05,0.00019696975811159495,9.289040576025004e-07,3.4426636323862634e-06,4.247239273268494e-06,2.5049485345516723e-05,1.8028782090832358e-06,1.1803146125367809e-06,3.1999474946668504e-05,3.519852010584613e-06,1.5396531722880778e-06,1.4175390473655971e-05,3.831968254318417e-05,1.8121678020529883e-06,8.306101562028132e-06,1.2266574030657453e-07,8.258283339372124e-06,1.6390589794815605e-06,5.75944862741753e-07,0.0005058931831063197,1.8990902562666781e-06,4.967901455226085e-07,9.709505334208233e-05,2.8277549554788453e-07,6.423829569321019e-06,1.7121552413357233e-05,9.579090695546028e-07,9.449945617588136e-06
0.8393756744487684,2.9995560282597615e-06,3.5431179219865606e-07,2.437074730527216e-05,1.1206931494266045e-06,2.7688154088288332e-06,1.1103003568674289e-06,5.9611633388970066e-05,2.17759399530035e-06,7.508843565183991e-07,6.640359524908448e-06,5.251985118140864e-07,2.26393934232143e-06,1.8831037604862961e-06,1.512878069565685e-06,8.823430384428861e-07,6.918798249730176e-06,1.7036216942899093e-07,1.5394353275209888e-06,3.360981990017325e-06,9.63793274850491e-07,1.2036149840989901e-06,3.8275862090439e-08,9.403531580912275e-06,3.1187400520802677e-06,0.0003502572755781238,2.5895110579689038e-06,1.9395663303081697e-06,3.1840535570794404e-06,9.436560098096397e-07
0.4327398375676278,7.131689975084356e-06,4.088511732057236e-06,2.931316282546346e-06,7.532873031228563e-07,1.6445264314472093e-05,5.468747724187016e-06,6.252030002032327e-05,1.7825387423022595e-06,2.740879488804093e-07,1.567626630286644e-05,1.5095550281723223e-06,2.299253343765195e-06,6.174735307045938e-06,1.798732731144321e-06,8.859689748210735e-07,3.1667570234171683e-07,5.664060047280011e-07,6.178219505064118e-05,0.0003749706802841664,1.4819371203532417e-06,2.032843612498196e-05,2.64326670702926e-07,4.282652357759155e-06,2.254342189420126e-06,0.0040523539230412405,9.132886071259845e-06,7.367571849752708e-08,3.012606978707317e-07,1.1062734553003404e-06
0.8377441630246096,4.052558804781747e-06,1.3440068071262123e-06,1.8525511059826864e-06,4.999710382379964e-07,3.3643371109510302e-06,5.558630666201568e-06,2.017635713015484e-07,3.7746347885137167e-07,6.131084813487974e-07,2.9104274013679044e-06,2.0805528610665057e-06,2.730746527854435e-07,2.804415968024714e-07,4.059463972858541e-06,2.693807897584892e-07,1.7742678023300714e-06,4.626470114938315e-08,2.134022671380734e-06,9.569695411661477e-07,1.9258924000655882e-07,5.376712067689852e-06,3.3115235457160246e-09,1.1854304536540652e-06,1.2407727339518775e-06,4.853169559091698e-07,1.8891267740353054e-06,1.575210326999399e-05,3.7926650116237207e-06,1.564312185248722e-06
0.8293447607766021,4.013794901622309e-06,1.8990805646989083e-05,1.534715830999959e-05,3.374934653546122e-05,7.140217759232579e-05,1.3249645596052426e-06,6.465625299063228e-05,6.201663065585409e-06,1.367725789873802e-06,7.060648860806021e-06,7.351391623011624e-06,2.07942257222229e-06,1.049760938654431e-05,1.2263692029408149e-06,1.6246490610676117e-06,6.982050885053029e-06,1.7036216942899093e-07,3.859770154664765e-05,4.365394713121911e-06,1.4590932250923284e-05,6.132876738615023e-06,2.7640954471956198e-08,9.103190161526685e-06,3.045272088038528e-06,3.5748042284180223e-06,1.6228351712593168e-06,1.8540155073465278e-05,6.062370850850923e-06,1.7661630322004714e-06
0.833833096435293,4.506866845095193e-08,3.127980048848562e-06,2.0059405134566444e-05,7.438137124416367e-07,1.555802573496388e-07,1.0998591072180562e-06,7.093477615524138e-07,3.7749310109991034e-07,2.3375928016785742e-07,3.213876256790779e-05,5.305560949002645e-07,2.422403049567024e-07,7.109759854858986e-06,8.901229912048869e-07,8.276028401902394e-07,2.9762380892880954e-06,4.111610914602987e-08,2.015133343058391e-06,6.915547619240169e-06,1.0941121290152e-06,8.941503128797852e-07,1.8177219890322265e-08,3.155647462851454e-07,1.1425367477534702e-06,8.426663761456592e-05,4.340629683661163e-07,3.277163735260844e-07,9.420936435900571e-07,1.4398374056926928e-06
0.8302646826114748,5.284754903263497e-06,2.251463058910492e-06,3.241613372472592e-06,0.00044042555579015645,8.291635310897611e-07,1.1982545408088611e-05,6.196075629809664e-05,0.0024147968705736968,5.239089258840037e-07,1.1856731666397238e-05,2.2632657642991546e-06,7.0597275764661015e-06,1.9131063225473932e-05,2.4163587970788687e-06,1.8329159568714295e-06,3.399178453494281e-05,0.00018219898068774507,4.0262293015674436e-05,6.971562023067687e-07,3.242682675204541e-09,2.2183470720310294e-06,1.6173966232322265e-07,4.364833644507536e-06,2.924330934428277e-06,2.713525485882859e-06,8.3317513215829e-07,0.0005000928185270731,5.854605588974865e-07,1.0791683836413305e-06
0.6420909663496691,4.719722446532128e-06,2.756050212132116e-07,8.795454694886336e-07,6.495978520392456e-07,2.4325119226879117e-05,1.3691863171733472e-06,8.139353056783768e-06,1.2684248956477854e-06,3.3611402559151487e-06,3.201842309912072e-06,1.8674724620674473e-06,2.2711169108118627e-06,1.1428877588781118e-07,3.6365310558096385e-08,9.723427584144116e-07,3.660433527688535e-06,8.277553748638182e-08,4.0477452788231775e-06,2.5252777029922627e-06,1.3252162836099901e-05,1.905999506828627e-06,3.1408654778277505e-08,2.6189415590051967e-06,4.876877468321226e-06,6.779844828307071e-06,2.93193760884464e-08,3.522354128344129e-07,1.4694471887837218e-06,2.1864439040684436e-06
0.416874110607503,4.223820645478064e-07,4.052804402288371e-06,1.9857922415468494e-06,9.092068854812481e-07,4.5711751899287675e-06,5.786896221225676e-06,4.0716072097073694e-07,2.0784538860022128e-06,4.082673955231764e-07,3.296805305430375e-05,1.7341089767897354e-06,4.972391200455235e-07,0.0019321062195031121,1.4546654582130706e-05,5.325029903331144e-07,1.5415733280965628e-06,1.6092668122023127e-07,3.595875688860585e-05,4.0170187084156465e-05,4.969997853052e-07,3.0031189620892934e-06,3.0625166808773816e-07,3.6622817503288675e-06,3.3986227750820124e-06,7.663986113020021e-07,6.57216582173174e-06,8.51956184490824e-08,0.0008975524880738011,1.887555613897839e-06
0.4184516775948163,3.260900374997828e-07,1.4319580016442986e-06,2.6477063646182543e-05,1.1139006687549786e-06,2.288139853349003e-05,1.3721964525615308e-08,8.638127690440376e-06,3.2810428369866053e-06,1.8949514363382068e-07,1.3895728467913529e-05,1.8401677435105657e-05,4.450895226754557e-07,3.3589335737338057e-07,1.5496145288344915e-06,1.7249543524758271e-06,3.022075067535684e-06,1.9733116257711924e-08,3.8633031217132476e-07,1.7210490407169825e-05,9.390513764043393e-07,1.1010963378527658e-06,3.058795203810091e-08,1.3033617935965321e-06,2.1441543088327566e-06,9.672698411322504e-05,9.076487092578063e-08,1.3278622320456747e-05,9.651934054130027e-07,6.255559381387912e-06
0.43783925515061106,4.532494656281166e-06,1.7588879489646934e-06,2.7732980697504553e-05,1.1181417323143895e-06,0.0005403117228746435,1.050195808177332e-06,8.638127690440376e-06,3.239642991323649e-06,1.9574400773136169e-07,7.296882681412065e-07,3.09781414420034e-08,1.8306916329661582e-06,5.545048649364629e-07,3.256289386739115e-06,1.8115352473170338e-06,3.022075067535684e-06,1.251632611339814e-07,7.0072114172114396e-06,2.8014475235906027e-05,3.7912507361001264e-07,1.1058356440995732e-06,1.0291951572446976e-06,1.3033617935965321e-06,7.742354410906857e-07,1.7166954127618688e-06,7.3900162174170335e-06,1.3278622320456747e-05,2.6917131965373285e-06,7.0805280186229555e-06
0.6309188028911008,1.0545173301536216e-05,4.53046816964213e-06,0.00019198869156827412,7.617800039534444e-07,3.415736435328721e-06,4.247239273268494e-06,5.772470940811859e-06,1.8028782090832358e-06,2.843184119695414e-07,1.2644701634664288e-05,5.459739933161109e-07,2.8079280692466512e-06,1.4453753713973834e-05,4.1450208052682685e-05,6.081272576177902e-07,2.5471686600999615e-06,5.74961148458283e-08,8.283608973147993e-06,2.1338055740011256e-06,4.569622930077151e-07,0.0005090720786370123,2.0567570236656375e-06,4.451663597548722e-07,9.756289983373079e-05,4.466139576018235e-06,6.322524853495092e-06,1.8248470237368086e-05,1.6665083053040116e-06,9.449945617588136e-06
0.031006634272866956,1.8126965326703878e-07,5.92383674000754e-07,7.543354671251954e-07,1.938257211226535e-06,1.8822235615311584e-05,4.5541430415633005e-06,3.3616518145118985e-05,1.2674062675659555e-06,3.0165920889813763e-06,3.590287109471111e-06,4.452903756403399e-08,3.407511153788163e-07,2.08512120441436e-07,5.165075699678807e-07,2.1858630606701894e-07,2.3371819038145695e-06,2.1469412902283663e-08,2.1982045902836712e-06,2.3853700495900298e-06,1.971691322724877e-06,1.8063535104825893e-06,4.034774664613074e-06,1.79726791741395e-07,9.68071883327193e-07,1.6205689357363531e-06,1.5998592243231346e-08,1.5965765894610381e-06,9.801109189477813e-07,6.448087863153792e-06
0.6247348260837049,2.1195404496826157e-07,5.40293978896009e-06,5.673714382284836e-05,2.1723161718602207e-06,4.3734227671747637e-07,4.047593035652649e-07,2.3956460660710402e-05,4.025514044453249e-07,5.122773708038418e-07,5.621569452722192e-06,1.6863689285555183e-07,6.50625538927799e-07,3.3598255501941494e-06,3.2465419287939128e-06,4.292793332768456e-07,6.053174487204622e-07,9.218982847557041e-09,2.565316527478196e-07,2.08719879130674e-06,1.560040268697909e-07,4.861300876455457e-07,2.575246766372215e-08,1.8036092567479306e-07,2.1930771070474634e-06,8.867725189081821e-06,3.200721832821308e-07,1.708850324020149e-06,2.6956971452516065e-06,1.5876315889765134e-06
0.0034909371754111573,2.285086445593408e-06,2.605956206966993e-06,4.642596131678391e-06,9.49812348972651e-07,3.523093067276562e-06,6.257543576328173e-06,0.0005471214985910827,1.3698990934515386e-06,6.817929781211102e-07,5.0000139259881435e-06,9.916130675653081e-07,2.8435913668023706e-06,5.937960092594229e-05,1.9241244840407802e-07,1.0315799849634422e-06,2.221375899763179e-06,3.1738729450466555e-07,1.1571781296518896e-06,3.915455755763802e-06,6.39495039311647e-07,2.111447558994237e-08,3.2194669111656244e-09,5.773764003819296e-07,2.2821440075721545e-06,1.344376392130366e-06,8.829854885785148e-08,1.1399787666207593e-05,1.447456600046277e-06,1.8908602373584136e-06
0.4197036796174518,1.380820182876244e-07,1.4319580016442986e-06,1.5669240914151965e-06,1.1410452289416951e-06,2.5425977023073022e-06,9.991300197210343e-10,8.203318979263865e-06,3.98989444028189e-07,1.763137442156586e-07,1.3895728467913529e-05,6.358025216482293e-07,4.450895226754557e-07,3.2901030011182374e-07,5.833221921485697e-07,9.396442747741599e-07,7.215651497198811e-07,1.9733116257711924e-08,3.168329766412023e-07,1.0969327860222458e-06,2.1571572362688323e-07,9.536798385563664e-07,2.248718451678956e-08,6.573166989969115e-08,5.50170491896458e-07,2.1919117490719185e-06,9.076487092578063e-08,1.4099716262639823e-06,9.644882764468546e-07,2.182813084948225e-06
0.6491928919143576,3.559482255857327e-07,1.7530461147395345e-06,0.0011785384097347876,6.520939058041359e-07,3.3275642335197465e-06,1.2998765494108885e-06,7.329282519658444e-06,1.593232407237485e-07,5.690892929572126e-07,3.6401929697631984e-06,1.6568582485355653e-06,3.6332213642019475e-07,7.087318512458601e-07,6.209765144002403e-07,9.368439000512933e-07,3.1965000432002005e-07,4.473627764164143e-08,2.7844769466714305e-06,1.225992204450919e-06,1.7980809047400755e-07,1.3575487150845448e-06,2.239988373461023e-08,1.078420647401479e-06,3.706611962995448e-06,4.0925574469930465e-07,1.5787421733656775e-06,1.2991145859758053e-05,2.66951368080125e-08,2.131970135682872e-06
0.06254384591562956,2.5529810834850137e-06,1.141806921344099e-06,1.2531625103321878e-06,7.173797356478243e-07,7.787616650377917e-08,4.489200448709179e-07,4.563147560445356e-06,2.116779005512591e-08,6.350654853229378e-07,2.5554294235102304e-06,1.8649379043312856e-06,1.9047670417823814e-06,3.867517889707507e-06,5.85839809629192e-07,1.434049921490881e-07,4.105069403424221e-07,2.155065985363378e-08,3.24873115808255e-07,9.67622718283144e-07,5.944193981955726e-07,1.35550384641136e-07,1.0508000886102122e-08,1.8315823575591847e-06,2.2268249890855083e-06,4.2414885649058e-07,2.417972048260017e-07,4.7831649789867354e-08,2.6167721742296926e-06,1.6699686663577005e-06
0.2007925364851249,2.336203656144245e-06,6.008014384426493e-06,4.719420344147589e-06,1.611841484267343e-05,3.595074406855868e-06,6.257543576328173e-06,0.0005431138285611273,1.4450389149061809e-06,6.817929781211102e-07,5.0000139259881435e-06,9.916130675653081e-07,2.8435913668023706e-06,5.937960092594229e-05,6.539319979204408e-07,1.0315799849634422e-06,2.221375899763179e-06,3.1738729450466555e-07,6.493702172653076e-07,3.9743659302860704e-06,7.839369432854364e-07,3.0331702969397524e-06,3.2194669111656244e-09,1.1104297670871238e-06,2.4065533584658067e-06,2.011228974195595e-06,2.4422300805227607e-07,1.1399787666207593e-05,2.8290907226734007e-06,1.9002165035321026e-06
0.41159988426508765,6.574153503743953e-06,8.330431019149873e-07,3.5712103128770805e-06,6.004131694622573e-07,3.7496558087131514e-07,1.0106459959305567e-05,9.212204107096422e-06,1.6363408838522695e-07,1.4392585080932746e-06,2.2654600480591183e-06,4.0289201688437126e-07,2.3152607914499967e-06,8.606967758956013e-07,6.32959187686171e-07,5.89682508311318e-07,1.805217450983031e-06,4.317883245640148e-08,4.200644068035396e-06,7.717880278376077e-07,1.307109954546344e-07,5.7909501228799735e-06,1.95457933657682e-07,1.0543397486856884e-08,3.3683609921472573e-06,7.918645848498469e-06,6.55744267396733e-07,6.872572026302291e-07,3.124384437569917e-07,1.0775515692509865e-06
0.0767650981821041,5.338071846315849e-06,5.61438898458083e-06,3.5074256681515478e-06,2.1723161718602207e-06,3.8020077543818663e-06,4.047593035652649e-07,4.855721615565611e-06,1.747794160298123e-06,6.45307667483462e-07,4.8913745949290785e-06,5.766162592628632e-08,6.967020776797136e-07,3.3500736522373383e-06,1.4811230082415866e-07,5.029050962008624e-08,5.836436024553304e-07,4.5888084977189586e-08,2.1204200660797047e-06,1.6848458859828084e-06,1.6316655619543363e-07,4.861300876455457e-07,8.57118804386056e-08,1.8049292571395596e-07,2.993072086002703e-06,7.147310644284899e-07,3.323008138529809e-07,2.7059344363745226e-06,2.7028116764132765e-06,1.6853099843570553e-06
0.4151893193147874,4.874369540266162e-06,2.3532532279921354e-06,1.083014244312668e-05,5.17546983308069e-07,2.4963053852308873e-06,1.0997761681059397e-06,1.2609862524749671e-05,2.1609138725393985e-06,6.456206590693881e-07,4.973144025356594e-06,2.2624440817062614e-06,1.2009546995203918e-06,5.0541946066571436e-08,1.5321506560826048e-06,1.822949600266809e-06,2.9807949726643193e-06,1.244960743446958e-07,6.065284558120307e-06,2.4586567494023288e-06,3.947808361703696e-07,3.0533890901657786e-06,1.138961210798291e-06,2.1698179381021814e-06,0.012362058249470979,3.297055355730164e-07,2.997414338273146e-08,3.6526874000646336e-07,6.052607910180821e-06,7.730213207570904e-06
0.23866097873625436,2.2535946803543457e-06,1.774570830870628e-06,3.9494274612161114e-07,3.904246095809606e-07,3.090145108923012e-07,1.15769983265262e-05,3.4920942597367155e-05,2.0891565382879572e-07,5.390268429263998e-07,3.09480641529099e-06,2.3697716810505694e-06,1.1338403606160237e-06,5.0541946066571436e-08,2.413598718017983e-07,1.8508451272690603e-06,1.8907365798590935e-05,1.225585766280091e-07,5.606034323176974e-07,1.9421243295009176e-06,3.8341202879619955e-07,6.188093864063652e-08,3.1579708942792427e-09,2.2372534626161327e-06,1.0763045525822206e-06,2.4206657469866884e-07,5.132074208272246e-08,6.389362331486733e-08,1.0101750233698112e-06,1.2470783551853385e-06
0.6238947380278657,6.48529100030883e-06,8.979292668213981e-07,1.8819096024799598e-07,1.265769503637982e-06,1.6056327026290805e-06,5.271919819971484e-06,1.7669258610813955e-06,1.2667815316297797e-07,6.524412883219722e-07,1.2366922826533807e-05,4.027960530868563e-07,4.970277397967452e-07,7.781534437576092e-06,1.1775735475616671e-07,9.238537308697379e-08,8.187384719381616e-07,1.0251019196837522e-07,1.0491475320398813e-07,8.796329810453219e-07,2.5989926946407637e-07,4.496839968056097e-07,3.7909910722849365e-08,1.0191953147035514e-06,2.118668954068466e-06,6.729978722433247e-07,1.046714000476772e-07,2.795164394500951e-07,9.239109144377372e-07,1.1598098263865144e-06
0.21903357029416765,8.356285777826383e-06,6.196746278240417e-07,1.0686305181126974e-05,7.890038502997144e-07,3.6876432440752655e-06,9.926256340760302e-07,0.0006667892735382,7.776534262314607e-07,3.5988650738516495e-07,6.739792519020376e-06,5.834490227026616e-07,7.564601346559537e-07,1.4564959921498429e-05,2.0340025253865343e-06,2.2116374117939975e-07,2.125578071806663e-06,9.559917485802096e-09,8.333997817504554e-07,6.929716428741785e-07,7.857764616431292e-07,6.317155076200532e-06,3.4078602572612704e-08,2.293099030024209e-05,3.4591861895140957e-06,2.9645083961785627e-06,7.983775362304824e-06,4.2380024626140995e-07,3.2285180558496236e-06,1.27029945445784e-06
0.8333156413658871,3.9759978396912e-07,3.414994586274695e-06,1.2595219335972288e-07,2.3998930194461567e-06,4.276141239408577e-07,1.3927576472558605e-06,1.6328272478779052e-05,3.3681173172667956e-07,1.564244918490087e-06,1.254314369719604e-06,8.27537395536669e-07,5.423815301606642e-07,3.2164367800009887e-06,4.571007495627366e-07,3.918984901493422e-07,2.9386138228404654e-05,8.151245495099554e-08,2.6457891731069724e-07,9.553996584453594e-07,3.587932042157537e-06,5.701429834307125e-07,7.519262411778993e-09,4.2637657623535467e-07,2.2117195004966382e-06,4.150718575440484e-06,3.978344394387071e-07,6.540493643318604e-08,1.5709099106288186e-06,3.079518080682048e-06
0.6212818440467843,1.600074717173539e-06,3.3060303317617996e-06,3.354969015150525e-06,8.672086969669149e-07,1.8001638652872304e-06,4.834128054941406e-06,1.1207736452129724e-06,3.030787094727891e-07,5.170969994537684e-07,2.8265710219562256e-06,5.642058247736646e-07,4.719520211200157e-07,3.3944284117492073e-07,1.4203921045673454e-06,2.7147750894417186e-07,2.3076656274412325e-06,1.9512566667022053e-08,3.925802230803894e-06,1.3422291192220858e-06,4.335574663356792e-07,3.3047196788310227e-07,4.618264832093784e-08,6.719528705809479e-07,2.966143034101927e-06,6.91359861224012e-07,2.4800804655688046e-06,7.08798948097412e-08,8.020201723117518e-07,9.538213044979983e-07
0.0009528600651848573,3.030281051296058e-06,3.1530222598401357e-06,4.033548002455736e-06,9.501953974083352e-07,6.618740966733709e-08,6.1039557074292245e-06,4.563646321917052e-06,2.7067408038248366e-08,1.1102553388680963e-06,6.960469234198919e-06,1.1725051275541042e-06,1.8794928622355354e-06,4.4515267120370865e-06,6.261268140883091e-07,1.4395607540656814e-07,5.034878886163783e-07,4.272636953101197e-09,4.416161976672062e-06,1.161777139108343e-06,1.1013154686264047e-06,1.3740536910553098e-07,8.702205202579917e-09,1.4832184338165524e-06,2.2301765479201493e-06,6.721438880714719e-06,8.827839875872544e-08,5.4523113034392454e-08,1.3906340170115437e-06,1.1302118655367934e-05
0.6227104852542099,4.633454950155396e-06,2.712723607673824e-06,5.684690504548764e-06,2.2861562365481513e-06,5.229004589288677e-06,5.983848783345209e-06,5.9381205873831e-06,1.8535654625088112e-06,1.4359741267764718e-06,6.2660132383015875e-06,3.2426051492661136e-06,2.717636276673996e-06,0.0033355165988143715,1.5863754054766108e-07,4.396715806331648e-07,1.7294012163067514e-05,1.3720254685415e-07,2.7211454535518552e-08,4.2888960181327075e-06,6.345279193051112e-07,1.9050580939518705e-05,0.00024173433197954519,3.8771237295270134e-06,2.148823050142782e-06,1.2894667943122017e-06,4.4155386652956116e-07,1.0453953502424874e-05,2.677022065254582e-06,7.49354210264009e-06
0.4407675751486977,4.607384389380516e-06,1.4319580016442986e-06,2.9135755052007003e-05,1.1420053914706691e-06,0.0005354333840215109,9.573085015753848e-08,8.638127690440376e-06,3.2810428369866053e-06,1.8949514363382068e-07,7.263729892501827e-06,3.09781414420034e-08,1.8306916329661582e-06,5.545048649364629e-07,3.323033332331634e-06,1.7249543524758271e-06,3.022075067535684e-06,5.306944474385707e-08,6.58148254278313e-08,2.8014475235906027e-05,8.624355526395322e-07,1.1020803699313621e-06,3.2365788081685725e-08,1.3033617935965321e-06,2.147621521579443e-06,1.7166954127618688e-06,7.3900162174170335e-06,1.3278622320456747e-05,2.6917131965373285e-06,6.054607284783719e-06
0.19647964553219177,2.641078208565972e-06,5.452640956368663e-07,1.3757887218788578e-06,1.2417628538885701e-06,1.8919352998896016e-05,1.7514129946719997e-06,3.1273305459085506e-05,1.0188138407500198e-06,5.628192141676579e-07,1.7364312425904072e-06,5.638402311198349e-07,4.46626735692899e-07,1.4686575897897649e-06,1.3683273721349894e-06,1.653999347511024e-06,3.07122986555473e-06,2.502381882979993e-08,4.3659295868023955e-06,2.1268672730103034e-06,2.0860873257749177e-06,6.046318647335533e-06,1.4609045048250987e-08,6.932890879289406e-07,2.2582741015305603e-06,9.19970092078307e-06,6.139636558179485e-07,9.22102653618632e-07,1.6646742845372656e-06,1.2301964909045908e-06
0.19792364587160993,1.098083466617432e-05,5.192825998919796e-06,2.4405303478722697e-06,5.990542427385371e-07,2.5018278301899267e-07,1.0106459959305567e-05,8.623188306688454e-06,1.4016903086967185e-07,4.777091333957292e-07,3.830191286517261e-07,3.432166744099565e-08,1.8174625342735345e-06,7.256436073405335e-06,1.8936524334656779e-06,1.8103776589708811e-06,1.544393926189575e-06,2.965533712245005e-07,1.5566969698352793e-06,9.311132238089003e-07,1.0013260807557027e-06,5.184528695378213e-07,2.685994826513443e-08,1.450647447115794e-06,7.987302020047853e-07,3.4366660127869963e-07,4.0857415449772317e-07,2.6946483118158876e-07,8.932787211524568e-07,1.0775515692509865e-06
0.03992619418388513,8.309676769034613e-06,6.414405324701884e-07,2.0461321423537694e-05,3.1578397192139735e-06,5.799106416545313e-07,9.775399995607454e-07,5.228276969794038e-05,8.61217848377548e-08,2.9793527667370853e-06,1.621845040006591e-06,3.6198027370818134e-06,2.227982817625811e-06,7.940420502569028e-07,6.038880110136515e-07,8.7678363740728e-07,6.189937823713438e-06,5.6363197550827206e-08,1.542635643824855e-06,7.098596572976262e-05,1.0280012784484223e-06,2.356085627256366e-06,2.5047044022029534e-08,1.1205783710856205e-06,1.1612234267025838e-06,1.0283634352831337e-06,8.073791681980574e-06,2.1044199312548952e-07,8.648449342256802e-07,3.779208758596255e-06
0.19342051798420326,5.662524284289571e-06,7.520909536483991e-07,1.9835053744187879e-07,8.643336376272648e-07,1.7722134820989588e-06,1.3437508238963965e-06,0.010106004361704876,8.582469660023777e-08,2.1818598594572133e-07,1.718485333880076e-06,5.699032878509545e-07,2.2284518584316753e-07,6.968313702281055e-07,1.199488759352648e-07,3.426025166285545e-07,3.2292507403335025e-06,1.9497769834074908e-08,4.29857310052496e-07,8.947488355461593e-07,4.351605998197931e-07,4.395748425169521e-07,3.28985626771768e-08,5.0963888364753665e-08,1.0686486119393084e-06,4.2435831606620844e-07,2.2067777933368803e-06,2.7026836240679534e-07,3.167250852479564e-06,1.1262446113358016e-06
0.23175677783233517,2.9662368760359566e-06,2.354045786573813e-06,1.1138168409459234e-05,8.185968667546648e-07,2.573682457029672e-06,5.937278178317548e-06,7.031073509709405e-06,2.0888829296407608e-06,6.453720427283978e-07,1.66220203616312e-06,4.380605851019969e-07,1.8759775850734435e-06,1.8369285309515247e-06,1.5136950944085289e-06,1.8191659994324962e-06,2.7608075070258533e-06,1.661045371578309e-08,1.542495057412854e-06,2.4727192077982493e-06,1.7776065935037926e-06,7.128676458333049e-07,2.9950109139431675e-07,3.3905320252944655e-07,4.560592596012787e-06,2.233586127078659e-06,2.481737146530708e-06,1.4940883593891767e-05,3.1366733808091083e-06,1.1023028577990643e-06
0.8421910477289517,5.223411213204648e-06,8.217989245935391e-07,3.023592241861262e-05,1.140904073400565e-06,0.0005250820587259256,2.1161921354786635e-07,3.124413931203298e-06,3.329012657570659e-06,6.454366339686419e-07,4.172499699884328e-06,1.264687159092349e-06,1.8188430611733572e-06,9.054556201715698e-07,3.246762874099195e-06,2.8206031277929863e-07,3.064957174645819e-06,3.058593015946049e-09,1.0353092933388591e-06,2.711803747385953e-06,6.555533361297306e-07,6.2094917384831e-07,1.0178593452515928e-07,1.3659226160200971e-06,8.030194201862735e-07,6.652164144711392e-07,3.7472825025876843e-07,1.3181551689979177e-05,3.167250852479564e-06,9.059742832055763e-07
0.002413309898572441,4.153040903879998e-06,1.5422348146116667e-06,1.3637852023840615e-06,1.0629165279655677e-06,9.90113958732528e-07,6.084153493888906e-06,5.08554967075598e-06,1.823984857825428e-06,1.1617455294196389e-06,5.2658769784522995e-06,6.503890830945015e-06,1.8229235649352106e-06,1.2125237100299728e-06,1.5552299649527137e-06,1.3115625975824542e-07,4.570776534128239e-06,4.6629142930623875e-08,1.1125650903925074e-06,8.010148263349458e-07,5.898571420348734e-07,5.014135718441456e-06,1.5062186600073695e-08,5.664648494868888e-07,3.4092803354276174e-06,6.43848538297651e-07,2.556502582153826e-07,6.214261845497638e-06,3.108227509016341e-06,2.2184788658872326e-06
0.22973598349620972,2.4839362493550344e-06,2.8195383741002755e-06,4.342942809500301e-06,2.9696177030455186e-08,2.6541794767225433e-06,1.0506162447210393e-06,9.802105784773458e-06,2.071700208873314e-06,1.5465832436697024e-07,6.825802257044176e-06,1.5345103735581038e-06,2.118850348026372e-06,2.1836999256864007e-05,4.826860508094909e-05,1.1115531419888307e-06,3.3345317729670936e-06,1.346718228799185e-08,1.015837484634955e-06,4.343540267652697e-06,5.000843196224295e-07,2.055142672158579e-06,1.4798273369417176e-10,3.8137750395267033e-07,1.4117263387194749e-06,3.643425447708615e-06,3.884298859049256e-07,1.7961843174637522e-05,1.464284614953809e-06,3.2591768497991034e-06
0.25174350973805787,3.2707471924279564e-07,1.4454484827162177e-06,2.1444446498416084e-06,6.49303795306291e-07,2.459857351598848e-06,4.545231676996428e-07,1.2684416498552653e-05,2.1390470317554969e-07,9.174804150096525e-08,3.251577146264335e-06,1.20238852806666e-06,3.732345205270342e-07,3.2833087218018367e-07,5.739829336488355e-07,0.034171441332245305,1.891226830218122e-07,1.9252254275381466e-08,3.422706757076707e-07,1.956010706579064e-06,4.001432335032005e-07,1.1650492099421606e-06,5.446858610517418e-08,1.8124697170810756e-07,1.2709366449968074e-06,4.0925574469930465e-07,1.5796452935182723e-06,5.904178311327414e-07,1.0770425330966855e-06,2.1528235550891265e-06
0.03490161865846654,3.657278003815558e-06,2.6500400150234154e-06,3.790031298928665e-06,4.7618709566546305e-07,1.0592504485007769e-06,3.2614170253251074e-06,1.3949733106865507e-05,6.693462940769267e-08,4.089465944290542e-07,7.990412012290867e-06,5.635809298752233e-06,2.8884668091523217e-06,7.64373988537411e-06,2.3538491142132442e-06,1.5565931340339568e-07,4.7557119797448776e-07,4.273859082265598e-08,4.605903146260218e-08,7.213828620382617e-06,1.409436320844315e-06,7.808925812881758e-07,1.6706543880622589e-07,5.712301777015088e-07,1.0924208187590722e-06,1.249252566022181e-06,1.0255356299585564e-07,2.328110067067402e-06,1.4108557491318451e-06,1.8909667236038645e-06
0.24106273926846544,2.4375557743851027e-06,1.4643165422282368e-06,4.6426616027504185e-06,3.896378323426431e-07,2.9499787280565484e-06,5.537175961468765e-06,0.000930073900387839,4.152005804781865e-07,6.680002888095335e-07,3.0389375328484365e-06,9.871545559932351e-07,3.138342389312608e-07,6.071280105632407e-05,2.5929716767568813e-07,2.9989991112038273e-07,1.725337809122185e-06,3.634921604756903e-07,1.1511951286733035e-06,4.116810560123443e-06,5.148373876644724e-06,1.0568045906346357e-07,3.2774161634685886e-09,7.020779340114989e-07,1.2790087677848502e-06,3.4149735633113787e-07,3.346778019190966e-07,1.1547360437030252e-05,1.453955735194916e-06,1.2188706291668502e-06
0.2159280783263935,1.0909900293795706e-05,6.19443734454484e-06,2.046824567493454e-05,5.849194105473813e-07,2.2247160986988745e-07,5.966329793883529e-06,1.2460954208845137e-05,2.7532178634510623e-06,7.684377053834124e-07,6.080944513899891e-06,1.1190226333033429e-06,0.00970001049586559,2.8721846362190833e-05,1.01899013948448e-06,1.8290407092271221e-07,1.5040195659044256e-06,1.2773537725826125e-08,4.418035325927112e-06,1.0391431097409744e-06,2.6175317464500897e-08,6.968950344639918e-07,6.569899184138308e-09,3.9017744370268924e-06,1.9966925894573863e-06,6.403313763167814e-07,7.171875750920803e-07,8.587969219693366e-07,9.095520420924108e-07,0.05943846653037749
0.05405841007828594,7.225669347646465e-07,4.2360647906072485e-06,1.3968875934773657e-06,1.1427606062373098e-06,2.3932250418623387e-06,6.466959589313841e-06,9.831743629752893e-06,1.3455640971700401e-06,4.213961719752558e-07,3.091179214877529e-06,0.00044467514224488916,1.7688232466616303e-06,5.9418136358924544e-05,2.031563829866768e-06,1.021642780986921e-06,7.366874486834905e-06,4.132950043527054e-08,4.237664029136998e-06,4.500502895651922e-06,2.6772244239053077e-07,2.5441179003530534e-05,3.473382575248284e-08,4.208256427762535e-06,3.132358434503508e-06,6.6208159994380925e-06,7.49749895910271e-07,5.852939344167397e-07,6.656924003474185e-06,1.1496094752452883e-05
0.23564085354451364,1.1071111721666162e-05,2.276378508281557e-05,3.689949323574194e-06,2.67862863636338e-05,6.003721315574536e-07,1.13344877663383e-05,2.2675313788273704e-05,1.7742119830158985e-07,8.231764035002187e-07,3.233289190709844e-05,6.319677177379444e-07,6.297281342226526e-06,7.601866288965923e-06,1.488919683892692e-06,1.687960120741427e-06,6.058377463828747e-07,5.885496075016814e-07,4.7231915125563385e-06,6.53812903761496e-06,1.3542981159048844e-06,5.639705772167681e-06,1.8393255516054086e-07,1.5696158402673086e-06,2.1281078878621617e-06,1.3249164031323041e-06,0.002674290692030833,8.395544005338374e-06,3.256243589616502e-06,1.6341171512858652e-06
0.841498363413207,2.5112740715487364e-06,2.8324495963655346e-06,3.532064205405049e-06,0.00014661428835367404,3.469609882557932e-06,3.936082825607257e-06,6.633420618459108e-05,9.83835963690178e-07,4.246578722058346e-07,4.2464472310725624e-07,3.5797262876301806e-06,3.874366549873425e-06,7.980522990896021e-05,6.550408990352729e-07,2.584743396068446e-07,5.752892289336494e-06,1.8770162519842876e-07,4.235982975867301e-06,1.6421222210452792e-06,1.018474834779037e-06,2.18622915576409e-07,3.0707743158384315e-08,3.8705526670770916e-07,3.380578382514748e-06,1.1065569868372768e-05,6.911249367304523e-07,1.8857824845224027e-06,2.749924779026097e-05,1.0877908376119823e-06
0.03636790529175302,3.0977863727780716e-05,5.381892737530964e-06,3.2799616163668098e-06,0.00013865688736110291,2.548184994785402e-06,8.363322719827706e-07,6.53719190284896e-06,3.6789256491450423e-09,2.575054569527466e-07,5.4789348993530194e-06,4.340818846999199e-05,3.543824412662584e-06,0.00015946675309417796,1.4876806294001742e-05,2.4774937866215985e-07,3.0255610587092955e-06,1.6157228522206556e-07,5.633224991221452e-06,2.0868720962296093e-06,2.512581264698407e-07,4.818183221965007e-06,1.837287949528709e-07,9.302970050135196e-06,5.995658211869878e-07,1.322052993473994e-06,1.0177201789735982e-05,1.5606570507552633e-06,2.680488392785039e-06,1.659989999592215e-07
0.19187267615905945,3.9631008821380865e-06,1.0590726988552653e-06,2.900293140396733e-06,0.0003174614649486913,3.7670669862033895e-07,4.431869864371934e-07,6.475965298615452e-05,1.7763767419781806e-07,1.159605220317071e-06,5.870290068198797e-06,1.1108564017830338e-07,6.5595998910009245e-06,3.7558681291467085e-06,6.242613260224015e-07,7.544482800802311e-07,5.932377386230788e-06,3.566996734571014e-07,5.757782797703522e-06,5.7722303412448995e-06,1.2651412704066562e-06,4.76691158210598e-06,4.503722209475275e-05,1.0896851828385566e-06,9.980398496892064e-07,1.0204311646691846e-06,4.0550196168751546e-07,4.9923481723420864e-08,8.603305871559133e-07,1.5488466047581023e-06
0.1830174922192788,2.558243809444945e-06,6.34677214626364e-07,9.113954606186565e-07,9.122605172375969e-06,3.817361807033546e-07,4.321923493551668e-06,0.0001476665322528055,5.505460096344537e-05,3.702448407157241e-07,7.78239519903132e-06,2.19468307711335e-06,7.0597275764661015e-06,1.9131063225473932e-05,1.3893424383070435e-06,1.2152506954831773e-06,4.338277093781971e-06,0.00018219898068774507,5.904143446774871e-07,6.971562023067687e-07,1.7434081549761492e-07,1.8073222179956464e-06,3.974434223089664e-09,5.203188778900519e-07,2.924330934428277e-06,2.713525485882859e-06,6.096730703152428e-07,7.874937845563071e-05,5.802274348270276e-07,5.46029384673243e-06
0.027947031358422914,4.928645631531564e-06,4.532320829350361e-06,4.716337757656188e-06,7.497623293761195e-07,3.898108979702558e-07,4.076233679836836e-07,5.321304225404679e-06,1.4484120786819415e-06,2.5386441320943736e-07,4.90845752118336e-06,5.732984765383132e-08,5.830067658519301e-07,1.473789783491917e-06,2.0151684833888075e-06,6.686979821342063e-07,6.073203534683203e-06,8.866331120509063e-09,2.2080912305836208e-07,2.8573655341624652e-06,1.429508276047495e-07,3.070439514578756e-06,9.851134545838602e-08,1.8348246252820356e-07,4.4886331780856685e-06,1.2526137185790547e-06,3.1355243359097826e-07,1.8172910902207343e-06,0.029593041612171214,5.66579440656381e-06
0.6296137266829429,4.332383495041926e-06,3.6182414837365173e-06,2.046526158008122e-05,1.2481979826873213e-06,0.002033351012224849,2.0096561242843863e-07,8.253789332503675e-06,1.0273111669414256e-06,5.628192141676579e-07,1.7288919477958732e-06,5.635933798119415e-07,2.7272761498344475e-07,1.3616493828739605e-06,8.864866285948826e-07,1.653999347511024e-06,3.07122986555473e-06,2.55061810260159e-08,4.3659295868023955e-06,2.134854289565955e-06,0.029997800107531954,6.045031040776018e-06,1.637094331358477e-08,2.3234791192516594e-06,3.6704747316682935e-06,3.679097970946147e-06,6.955411873342683e-07,9.22102653618632e-07,1.6719231368268483e-06,8.574721610823956e-06
0.23417698546821414,2.2819289309048593e-07,5.3397651654395574e-06,4.63224553844322e-06,9.436962823567881e-07,2.489211850114598e-06,9.969112839007004e-07,0.0006356958061726123,1.5102578522245668e-06,2.919691127631175e-07,1.11232778103573e-05,1.2273586194759756e-06,6.390138178333974e-06,1.4964827458883037e-05,1.0225707454566408e-06,1.6518865764001329e-06,2.779819018059643e-06,3.541847154325241e-07,5.144306512248912e-06,1.420324527971719e-05,7.018881689081106e-07,4.861636313484695e-07,2.0610356302730208e-07,5.438367098409693e-07,1.1360075923322032e-06,1.34418811434853e-06,1.7142414849020014e-07,1.10645950172697e-05,1.4169219117371468e-06,7.51106364474534e-06
0.021104214846299152,5.4158695923146125e-06,9.617079345441744e-07,3.5074256681515478e-06,7.09279570213847e-07,3.765779638769946e-06,5.5015133720123205e-06,3.5886979576752925e-06,1.7164338138916018e-06,1.1833324005993836e-07,5.446374494810462e-06,3.8128769419473744e-08,6.9619426007341e-07,3.888855131270215e-06,6.538637102388445e-07,2.5322686906689683e-07,5.648329251196688e-07,4.551215393058829e-08,2.2017400455505535e-06,1.4596074384524076e-06,1.2976733851178229e-08,4.758130658641235e-06,2.1236819485518702e-08,1.7234087461905862e-07,2.90632755138714e-06,1.0308973471023597e-06,5.338604498530267e-06,2.701925588599482e-06,2.7029795461257356e-06,1.0893031765132668e-06
0.000306809119703327,4.928645631531564e-06,5.61438898458083e-06,5.045715205003715e-06,4.8402096006563675e-08,4.3157184476092417e-07,4.076233679836836e-07,1.1741761061436231e-05,1.2092230362114172e-05,1.4452381769294128e-06,4.7850831502756264e-06,6.396225281502096e-06,7.834819766989224e-07,2.477820579201458e-06,2.4596725095584616e-06,8.740761821067388e-08,3.1514106514158405e-06,8.866331120509063e-09,2.565316527478196e-07,2.8841463930242193e-06,1.560040268697909e-07,3.0466017008115783e-06,8.57118804386056e-08,2.661851640992999e-06,2.1952666972877788e-06,1.6532451251292255e-06,3.3162203267772103e-07,6.058325405828724e-06,4.15198110024161e-06,5.830550363028999e-06
0.43008190586861583,3.08324691877654e-06,1.814320829224968e-05,3.2737420486420037e-06,3.016739822737043e-06,8.56647102425878e-07,4.995602599323871e-06,2.1973522889343425e-05,1.8181906084539186e-06,5.287181232298534e-07,1.1346956156752601e-05,7.431747796108884e-06,4.0277895038993825e-06,1.4059911426921327e-06,1.4249648488259675e-06,2.939285296734257e-07,2.3086942374055075e-06,3.5628332495370325e-07,4.063491043570791e-06,7.3282247640549e-07,5.54203809584691e-07,6.120687776513556e-06,1.8307168055641114e-07,5.947460986133663e-06,2.9409918282579057e-06,1.872998778819552e-05,1.5890082897697542e-06,1.3075606338680498e-05,1.4962144417221495e-06,1.8478164434811782e-06
0.4515488127746031,3.101731371352427e-05,1.764193554080817e-05,2.279956131122608e-06,0.0019122182094226472,2.6149425321782753e-06,4.735603044343736e-06,7.074672398214475e-05,9.65765740298941e-07,1.1687715326439324e-06,7.084579498438341e-06,0.0006225217621129483,2.736481860609361e-07,0.00016464846911455922,1.0921307240567293e-06,8.87083536365199e-07,5.749760229118232e-06,3.63192454957693e-07,5.6195283485758825e-06,1.641547938589957e-06,0.03600631452686666,2.8809822741422447e-06,4.753753209754676e-05,1.1063008869321902e-06,5.451310489577981e-06,1.1394816537722917e-06,8.85972198700958e-06,2.0453569012561277e-06,8.783025931218955e-07,6.807450352852791e-07
