0.6967392147526139,6.713931477269966e-06,6.15626132460666e-05,8.340858781044195e-06,2.5417208191533256e-06,5.37767084957373e-06,8.622631282226378e-07,8.953954254876271e-07,9.905642719932252e-06,1.3584784710456827e-06,9.64441495176321e-07,1.8795897678056294e-06,5.306879496313935e-06,2.8586276163350374e-06,1.1336851829762456e-05,3.2522651730052448e-06,1.4795154762514012e-08,1.3383253995142022e-06,1.68965337523605e-07,1.0630260612460745e-05,7.862007244021413e-06,1.7422193484673234e-06,1.726741700518936e-06,2.509647672008478e-06,2.639749280662236e-06,6.041331465335206e-07,1.899250161208136e-07,2.3348984604279897e-05,5.156160430733787e-06,3.237137697451646e-06
0.5737560047641308,1.1033250513821103e-06,6.816405293222483e-06,5.247259940109955e-06,5.698781668433031e-07,3.391126726320006e-07,7.840114636030155e-07,6.763205336434455e-06,4.1788026901391115e-06,4.3096189944684315e-06,4.96317906297404e-07,3.4955276608246274e-06,2.0308835045854457e-07,1.129573977297717e-05,5.68419604564341e-06,1.466687573361781e-06,1.5808847722637934e-08,7.08099269167962e-07,1.9759339081095705e-07,3.0301000142875565e-06,1.990537009352412e-06,6.044035962430443e-06,1.722128908360566e-06,4.4109657371083985e-07,4.3864238007603293e-07,1.0406840615420335e-08,6.2337440210579795e-09,8.678849435099531e-07,1.3467212485089336e-06,3.655830855904598e-07
0.5365008230922826,3.0527474251868957e-06,6.742962093299878e-05,4.058421332396118e-06,1.2241522675249263e-05,7.889737631075919e-06,1.1130470381292826e-06,7.480897391509453e-08,4.213522553771217e-06,4.78170592122366e-06,9.074648858083271e-07,3.5382322819467736e-06,1.0078428119175598e-07,1.1147535601036274e-05,8.536452333775042e-07,2.5164025635751466e-06,2.423926692646769e-07,1.6031971190944221e-06,2.484543670038417e-07,3.004092396847076e-06,1.0037190343838038e-06,2.9918837474590484e-06,5.888942427589835e-07,2.1723229263196235e-06,6.580145521255234e-07,1.0355941728530953e-07,1.2320842776161633e-07,8.667362336521381e-07,7.397284161122279e-07,8.343537596915032e-07
0.6372741953612933,7.348715824305551e-06,3.377433811656275e-05,1.8149304865950722e-06,6.576083553677104e-06,5.299105661817992e-06,1.2388839080132918e-06,4.839988680811268e-08,6.4147104482514675e-06,5.838758694559306e-06,6.56099186293092e-07,1.4032278225513078e-06,2.9119463310591606e-06,1.9508871432673146e-06,4.5862288114757986e-07,1.791753344481347e-05,1.6180498047366156e-07,4.072945412228574e-07,8.02731116583554e-06,2.947007474879549e-05,4.5413135528922536e-06,3.4874521663105472e-06,8.668247624987414e-07,3.984777985634505e-06,3.810723758411398e-05,7.812367924290051e-07,1.3349576582600222e-07,8.729901955775074e-07,3.201507452174057e-06,2.9489763840919615e-10
0.500054007935102,8.601383686068824e-06,5.3134743701472635e-06,9.244348506577992e-06,2.447835236073444e-05,5.469464436709663e-06,1.3061053627441867e-05,4.2838070293490714e-07,9.830281879134853e-06,1.1436641744312962e-05,4.876117721485407e-07,1.8527739099374296e-07,2.650021342767015e-06,3.017539389551486e-05,5.008986237742935e-06,9.271941144463625e-07,5.273225325589811e-06,7.6878660865002e-06,4.910964405863417e-07,9.09790604743472e-06,1.1183557225742998e-05,1.6901165947299668e-06,1.3619979034708982e-06,6.393229853261973e-07,1.1799870117987485e-05,2.956282687820717e-07,1.0722498833967e-07,1.5092183955243005e-07,1.662092864961908e-06,2.7273365215289267e-07
0.5864726302929893,9.401435091701936e-07,2.3846528118334764e-06,4.328378371482548e-06,2.803409892245947e-05,1.1572383459737962e-05,8.836649431434464e-07,1.174208120443764e-06,5.578933255114824e-06,5.659867585251598e-06,6.1463822124775e-07,9.5233155676148e-07,4.833982977807447e-06,1.5834161259776758e-06,6.46112327123084e-06,3.3715020979610886e-06,5.239076119555412e-07,3.3356429994894467e-06,2.4323110552255485e-05,1.5312575019374664e-06,1.5677703047822656e-05,5.338886799989526e-05,6.935282694803318e-06,2.0380195149323055e-06,1.4754637728539856e-06,1.8232828815406836e-07,2.6344521290519805e-07,2.273550290736935e-06,7.850197243453782e-07,1.387466060172881e-07
0.9734931991312679,7.270993720113664e-07,6.789783613568953e-05,2.2320617172115504e-06,2.4235109085423143e-05,1.796509805507463e-06,4.1400641138211494e-06,5.6751759833522184e-06,1.5408705720393557e-05,5.605875959907387e-06,3.857515671434397e-06,8.604319882953855e-07,1.0113080602251517e-06,1.9738323960511996e-06,1.142573069371023e-05,6.07031663774524e-07,1.3860599936560503e-07,1.2341372154222525e-06,8.790183528525028e-06,2.2831659382556934e-07,1.0360387766879826e-05,6.1140077397729e-06,1.1165047586120731e-06,5.547716246259372e-07,1.9295048671595097e-06,1.4586439804755634e-06,5.707669713188961e-08,2.299821026298958e-06,4.398158309401918e-06,2.702652843691137e-05
0.9422032261521986,2.1282760383439302e-06,9.740381767127454e-06,9.723114695311976e-06,8.931111633789975e-06,1.5570732774600442e-07,2.733441677682142e-07,6.204824866372475e-06,5.36202991781605e-06,1.9980779558303017e-05,3.2408537845893833e-07,1.7756665679631245e-06,9.998526454171091e-06,2.292071042933199e-05,6.231155232650302e-06,5.095496266749541e-06,1.039439474311064e-06,3.72040619963559e-05,4.915027472886171e-07,2.6271108969130587e-07,1.4945014683766152e-05,5.393749192996435e-07,7.365858936922244e-06,1.937713594806432e-06,9.675275654812772e-06,1.0193796148590714e-05,3.309239167699483e-07,1.0822352463613414e-06,1.4086565302844932e-07,1.4743177176783701e-05
0.21242811956955493,5.021035433335443e-07,8.352378127486499e-05,6.922106584864913e-07,5.642002781617915e-05,6.921479957481689e-06,2.5635632806238115e-06,1.1831956857876367e-06,6.656620726309859e-06,7.0440887250285e-07,5.417469879462242e-07,9.561585326085544e-07,3.0008293836313603e-06,1.5834161259776758e-06,5.203271472845415e-07,3.595248835695052e-06,6.454981520575744e-08,1.6488265686114435e-06,3.2235797537683336e-07,1.1149455009056047e-05,6.216248305611388e-07,6.331827659816301e-07,1.616428609012285e-06,2.0380195149323055e-06,1.8066731757607268e-06,8.558930159718863e-09,2.638968631567358e-07,9.388792737357814e-06,9.548938502562444e-06,9.108712367065956e-08
0.2516771944924616,7.2517692926952884e-06,5.0084771181187286e-05,1.0926795914130456e-07,1.264417422165773e-05,7.35087939289956e-07,8.778542438902093e-07,1.1798267777713528e-06,1.620646812298959e-05,4.981993391557893e-06,9.838907224394335e-07,1.5520378224256285e-06,8.542586769519465e-08,7.346468211002561e-07,6.989028474863541e-07,3.518293051980423e-07,1.169461400536008e-08,1.3870836362429987e-06,5.142067222264531e-07,1.4281781495741731e-06,1.7633082832628549e-06,2.202122497965316e-05,1.3614102518116314e-06,5.541149274422515e-07,3.407792473739955e-08,1.3293842395141257e-07,4.551228686250981e-08,2.1653402266980134e-05,2.1380521981410131e-07,4.0599809734337656e-07
0.5084489395236886,7.502733818497556e-06,7.729461845513627e-05,9.019968728187773e-07,2.7483459761701564e-05,4.631719814890717e-07,1.3041990123155423e-05,5.806153936952479e-07,1.1028198885901312e-06,4.9433182768584564e-06,4.620069272823165e-07,7.84375939509448e-06,1.003355516485211e-06,6.009459286383522e-06,6.627396577969287e-06,3.3902269918727806e-05,5.296382150811992e-06,5.464321097415533e-06,3.5756226581786426e-06,1.6195635640389693e-06,1.23111475806835e-06,1.6730612135341944e-06,1.3168367404649522e-06,6.113261008887896e-07,1.1736953691512498e-05,5.447497623919782e-07,1.4712692136638955e-07,1.5534824193449693e-07,5.699177337366699e-06,3.3517991405393115e-06
0.22002294838758396,1.2744980556107748e-06,6.748523414075248e-05,3.8719172043088387e-07,1.9710818463625547e-06,5.0498724108043546e-06,9.110947938142423e-07,6.701817342657293e-06,5.27742527766241e-06,1.5926887817531058e-06,9.752729564200618e-07,1.547739239035576e-06,2.5117040408596577e-07,4.0929791354614515e-06,9.28319297852351e-07,1.1636627067976975e-06,7.756848794261698e-07,5.905706942721778e-07,7.853855314045686e-08,1.0117422713110823e-06,3.7634076147422924e-08,1.2100171666987497e-06,6.6467416683674465e-06,4.057002190156511e-07,4.926200965487713e-07,1.6681065929228733e-07,1.6576738089366948e-08,2.8514457090490958e-06,1.1529683033847293e-06,1.2403612602014766e-06
0.9199294023941255,9.427407306072438e-06,7.077796428295435e-05,8.177619138780194e-06,4.575546372648824e-06,1.6617274604964072e-06,1.2652782162671772e-06,1.078763564223567e-06,1.0602423541136504e-06,1.1283677879763099e-05,3.179317961062263e-07,1.407586778315072e-06,6.078897012767603e-07,1.9477856271578622e-07,6.015064292552576e-06,1.3057172037454437e-06,5.580275883963063e-06,7.556347118134218e-06,7.983485026121411e-07,3.599502962209164e-07,1.5323637921909296e-06,1.3562240261150279e-06,1.3773249298115239e-06,2.033556814530895e-06,2.393163537443341e-06,1.3713178543193754e-07,1.2411560411129604e-07,1.664938624529057e-05,9.497551676170296e-07,2.6584240839435456e-06
0.7404470442672798,3.4666169540898794e-06,6.666401514185278e-05,2.1238189300840178e-06,1.225158360460016e-05,7.948113692659363e-06,8.321425965758393e-07,5.845812915252893e-06,6.017909781575067e-06,4.081809615337015e-06,1.2933254954224025e-07,1.956556825100804e-06,6.514569149146882e-07,3.903441803080607e-06,4.7043805692563e-06,1.0698367585800389e-05,1.9891201427906848e-07,4.6962811594665705e-06,2.420443488802385e-07,1.262149574317248e-06,7.03099552829904e-06,6.284303083025106e-06,1.2143110727127658e-06,2.8371686659404614e-06,1.0869589011678512e-06,6.29538413819962e-08,7.746234982228217e-09,8.228087663141533e-06,1.250145962844191e-06,4.0263716598024566e-07
0.5653828933474598,8.324063979752006e-06,6.816405293222483e-06,5.247972294174414e-06,5.478242110324579e-06,5.288834419366348e-06,1.287609216981835e-06,6.2868505661387266e-06,4.267360618676255e-06,4.3096189944684315e-06,4.96317906297404e-07,3.2950725231884474e-06,2.0308835045854457e-07,1.1116112479405005e-05,5.68393484194876e-06,2.1835078727977277e-06,1.5808847722637934e-08,7.08099269167962e-07,1.9759339081095705e-07,2.980451767297985e-06,1.7840412968908655e-05,6.176056598060907e-06,1.7708681569263105e-06,1.4434484077207335e-06,4.3864238007603293e-07,1.0406840615420335e-08,9.6815229683163e-09,8.576074190088488e-07,4.713520680150821e-06,3.655830855904598e-07
0.34062074193443725,7.0946937866453e-05,7.3927689558578215e-06,3.02781807807983e-05,6.482733067547579e-06,5.550858177461815e-06,1.2754517846941381e-06,0.0003479316938584545,7.617568616119974e-06,6.663512665185666e-06,1.4260182652535033e-06,8.560000305768848e-07,3.232798589139711e-06,1.4407638853150319e-05,6.277112344941348e-06,4.623505280402456e-06,8.614924282824975e-07,5.52583173955582e-06,8.257446807834806e-06,1.9815696010691653e-05,7.995857776156584e-06,4.939959460296068e-06,1.6559123749022382e-06,3.8599111165153566e-07,2.935627290627666e-05,2.2230082955948253e-06,1.417731190749701e-07,2.129008945072515e-06,4.9893794438719265e-06,1.9119134127325194e-06
0.5139603914614844,3.9682887849386435e-06,3.243687551337066e-05,4.065692749885516e-07,2.018451374859953e-06,5.690163757821345e-05,1.261996198293098e-06,6.326363896721137e-11,3.3968018247230664e-06,3.888881769895001e-06,9.924249730406776e-07,1.4565917450396807e-06,4.208402864621273e-07,4.040087744967744e-06,1.4320832398104596e-06,2.414764380806749e-06,1.5361508345518066e-07,5.394450777258497e-06,7.640965248537202e-07,2.2833394242052463e-07,6.286497082965401e-06,2.4551365267670368e-05,1.4024491040353356e-05,2.1546305966357996e-06,1.8855767347100375e-06,1.1316189122493414e-06,2.168153847325603e-08,1.7026389804872345e-07,2.4099724323929735e-06,1.5993650689636755e-06
0.30749286871145115,5.842228007517806e-06,8.559489673204556e-05,2.6573342003479937e-06,4.6055210387313097e-07,3.394080043665241e-07,5.501897412670459e-07,5.825644842494237e-07,8.269382632379549e-07,1.3836923919014057e-06,1.0570419704364936e-06,1.5940397301830102e-06,9.882683378525731e-07,2.941445785041858e-06,5.008986237742935e-06,3.3610787359801095e-05,3.275619885217884e-09,5.1434356969984e-06,4.956238746135079e-07,2.1288266338071858e-06,1.6402695517715619e-07,5.89772590683189e-07,2.769923839856886e-07,6.802759471139318e-07,1.834767117523821e-06,4.8779055323846494e-08,5.21880697680656e-09,7.5339536065498e-07,2.1906178236324433e-06,3.009939365083708e-06
0.7026942684790113,1.531449740242629e-05,1.0971690786764542e-06,1.3134080231891604e-05,4.987073479236467e-07,3.583806861291429e-07,2.739323675353779e-06,1.584563829902622e-07,5.471945511674791e-06,6.123586981771879e-06,3.8530889540219243e-07,1.7753616039390634e-06,3.295710822544488e-07,8.429822636111249e-07,4.854002378417826e-07,3.594907426349814e-07,1.4786960153135652e-07,3.890910379423032e-05,1.7378059535870485e-07,6.7769852523448025e-06,3.742073758690142e-07,7.455894822633557e-05,5.561806775413236e-06,2.028099954046852e-06,2.928464735616034e-07,9.861030886399093e-08,1.9231908468467844e-07,7.584446701538683e-07,4.66899151687404e-06,5.580727953250963e-06
0.8866035902890003,9.24231537964275e-06,8.391480350391883e-05,2.2527768764810214e-06,6.5080744779827124e-06,5.382752666975272e-06,4.448653130708702e-06,1.7150336539674705e-07,5.176847347073798e-06,4.905502495360764e-07,1.575023883072981e-06,8.552438631989089e-07,4.878147442383499e-06,1.4371491480985516e-06,1.288962846717599e-05,0.00018050423892410365,2.1375388513830746e-07,1.070575883012519e-06,1.6857650455410387e-06,1.0360665724113757e-05,2.3036559994021112e-05,7.65148491490487e-05,7.307913286810604e-07,5.495671073986321e-06,8.026364813602081e-06,2.9322805622001887e-05,1.6075586102717985e-05,6.34305254436214e-06,1.011853994370413e-05,2.6259616821002187e-05
0.7579753684387868,7.502733818497556e-06,0.0001284494220697189,9.105287388638037e-07,2.8034085105682446e-05,5.462361152224823e-07,2.6041230998023073e-07,5.806153936952479e-07,1.1028198885901312e-06,5.331151929361838e-06,3.864314627526377e-06,8.098541679220866e-06,9.907608490215456e-07,6.009459286383522e-06,6.627396577969287e-06,3.625330122418056e-05,5.540856647233408e-07,3.394205408295976e-06,3.5756226581786426e-06,1.6195635640389693e-06,7.04297238356836e-07,2.366918682767233e-06,1.6539697416141023e-06,1.9615786712349485e-06,1.480317242190349e-06,5.447497623919782e-07,1.4712692136638955e-07,2.2598552084268964e-06,8.174231936002827e-07,3.3060192861849116e-06
0.9106633801016659,5.138726557889435e-06,6.36117392028179e-06,1.3399621153210202e-06,5.549344369272865e-06,5.031716386539244e-06,3.925357110876753e-07,1.2328724156345625e-07,4.334286448429584e-07,5.294441776697193e-06,2.9840269067741385e-07,1.0543432441938676e-07,1.8776326051430083e-07,2.4512734874396226e-07,6.067193646941668e-06,9.202004614030191e-08,1.2835552166842354e-08,7.354923662077407e-06,5.829727457992259e-08,1.7458591559605776e-07,1.007761472367378e-07,3.0111953655740902e-06,1.845225663230432e-06,1.4921073758390846e-06,1.2600422552630218e-06,9.329170157785502e-08,1.20420848215638e-07,3.4827288225563247e-06,9.411947430190505e-07,1.1153905597808802e-06
0.7446853148043808,2.1282760383439302e-06,9.740381767127454e-06,2.149665857479787e-06,8.920942155708616e-06,2.1315129728168226e-09,2.685390138499936e-07,6.204824866372475e-06,5.36202991781605e-06,1.9980779558303017e-05,1.2815236359335755e-07,1.7744039154433873e-06,9.397743098441121e-07,2.292071042933199e-05,6.231155232650302e-06,5.0881910295137105e-06,1.039439474311064e-06,4.392127474114531e-06,2.0852195631362636e-07,2.8838826146482214e-07,6.912192712207881e-06,5.901992593790818e-07,7.365858936922244e-06,1.937713594806432e-06,1.992444762893094e-06,4.8074165389626474e-08,3.309239167699483e-07,1.190656771119257e-06,8.439247635360652e-08,4.631931692819961e-07
0.6830605781556607,6.684095224697886e-06,2.0319559338457204e-07,9.105287388638037e-07,3.2637964335989748e-06,1.8403894895583235e-06,2.6041230998023073e-07,5.633316853618553e-07,1.0708090302300185e-06,5.2927550066158785e-06,9.999675991771608e-07,4.695396235392637e-08,7.740756948519942e-07,6.020438247166852e-06,6.627396577969287e-06,1.4534575029001622e-06,7.149691169479983e-07,5.464321097415533e-06,6.648962289898758e-08,1.98891182495754e-06,1.2422924274916833e-06,1.7407970365211217e-06,5.008434408660577e-07,1.9592628667687656e-06,1.3281404581349383e-06,5.434249092665318e-07,1.500537701112771e-07,4.218404882285621e-07,5.6406852674195965e-06,6.99361782421453e-07
0.7169467276988915,2.536237258221386e-05,5.865278652836312e-06,1.6453009355960531e-06,2.625136306735005e-06,1.6496634099953507e-06,3.5433506989723433e-06,1.2087854721020624e-07,4.943150170271863e-06,6.132451681751813e-06,3.8335907597796905e-06,1.878028539565999e-06,7.031176700519659e-07,1.5239738317187193e-06,1.1291960348917455e-05,7.391228179148345e-05,1.4037832714782383e-07,3.881063345632165e-06,1.037921816036299e-06,2.695259443889816e-05,1.983571606790592e-06,1.1647900831514647e-06,1.6054786651325756e-06,2.3487233379649996e-06,1.4197113617418765e-06,1.2407191446527403e-06,5.992480078798468e-08,8.641041344257816e-06,1.1572261880949493e-06,2.096689113771722e-06
0.9264989518631515,1.1499034835163382e-05,6.598582866792863e-06,2.5011734514578844e-05,5.578775296758698e-06,5.510635557567931e-06,4.663574098877154e-06,9.639400370545424e-07,5.7653905132757665e-06,5.294441776697193e-06,9.891018998335645e-07,3.9124928689541146e-07,5.109124535577432e-07,5.334729314925642e-07,3.039275266219129e-06,2.138228708265975e-06,1.2712345567052979e-08,7.923735429323512e-06,8.00651397731019e-07,1.9997432025937696e-07,2.528096990427505e-06,2.8568046450373797e-06,4.1517557732607686e-07,1.4688540225295033e-06,1.2600422552630218e-06,1.5161763263107568e-06,6.410936718047234e-06,1.6617577476374628e-05,9.362139031616674e-07,6.621113905734559e-07
0.9887465692127538,9.15380790630738e-07,8.006881120060383e-05,4.328378371482548e-06,2.7491027459174723e-05,1.1443224952952454e-05,1.194182301101816e-05,1.1821367262759537e-06,5.578933255114824e-06,5.581801945826333e-06,1.92155351548697e-06,6.748126074331591e-07,2.3166352032408664e-06,3.2816579778707715e-05,2.2118510630019473e-06,1.3759501592609524e-06,4.371258861788926e-08,5.405758688613322e-06,2.4323110552255485e-05,1.5312575019374664e-06,1.1808351601722844e-05,5.338886799989526e-05,4.575965281506287e-07,2.0380195149323055e-06,1.3232869887985747e-06,1.8232828815406836e-07,2.6344521290519805e-07,7.690338272381131e-07,5.667674110267475e-06,2.0319264571401777e-07
0.4725891004927419,2.5256143704842178e-05,5.865278652836312e-06,9.54974145420584e-06,1.0017314461729516e-05,1.6496634099953507e-06,3.803685183611977e-06,6.046186729263625e-06,4.8796271479592845e-06,2.003365960130566e-05,2.608977311856721e-06,2.097842086915218e-06,9.135114437648368e-06,2.4157992927082643e-05,9.290110381469704e-06,7.391228179148345e-05,1.7413100137173946e-07,1.7155895689887328e-05,1.037921816036299e-06,2.9699383122655913e-05,2.193917078347862e-06,1.1647900831514647e-06,7.349223494716962e-06,1.270847999748766e-06,1.980870754798057e-06,1.0164693425016334e-05,9.679484126141504e-06,8.759877665028031e-06,1.1572261880949493e-06,1.7691324917540676e-06
0.04441087779279547,7.561827559091781e-06,8.292650721696153e-06,4.2225808410313246e-07,5.5088014906670145e-06,3.4403217907963736e-07,1.0973023019612471e-09,5.806153936952479e-07,4.1528047174554047e-07,5.316039392879742e-06,3.52150772167007e-06,7.84375939509448e-06,9.907608490215456e-07,1.0070171571731167e-06,6.627396577969287e-06,3.3965328681741184e-05,5.540856647233408e-07,8.860095081903273e-08,2.27845047946207e-06,1.615973397038404e-06,1.23111475806835e-06,2.366918682767233e-06,5.008434408660577e-07,1.9615786712349485e-06,1.3281404581349383e-06,4.869000402290019e-07,1.4712692136638955e-07,5.964575833868875e-07,2.7573772788554745e-07,3.3566156176776314e-06
0.44819959383050934,2.5912501806866756e-05,5.839986480354158e-06,9.54974145420584e-06,1.0431194782563055e-05,1.6413729139689241e-06,1.2321767145483645e-06,3.4838757995898224e-07,4.950148256573573e-06,3.92919589104479e-06,1.031737776531326e-06,2.097842086915218e-06,9.134822558671103e-06,2.4157992927082643e-05,1.6217340303330771e-06,7.391228179148345e-05,1.7413100137173946e-07,1.4206434426218868e-06,1.037921816036299e-06,2.946334005984533e-05,2.1881356320485692e-06,1.1647859857737192e-06,7.2450386292063545e-06,5.445786065189372e-06,9.529062753323747e-08,9.324581434647029e-06,9.270171601367762e-06,8.759522979641261e-06,1.1956458810990757e-06,8.77062808098331e-07
0.8755884310192543,7.349774318613446e-07,6.789783613568953e-05,2.2320617172115504e-06,2.787110307058009e-05,1.7427462817054818e-06,4.126718208357775e-06,5.6751759833522184e-06,1.5408705720393557e-05,1.9944626158436268e-07,3.857515671434397e-06,1.9105193396446023e-07,1.7313438175733552e-07,1.9864440199245257e-06,1.142573069371023e-05,8.451675162653859e-07,1.2259394698815685e-08,1.2545465719841679e-06,8.790183528525028e-06,3.3387387366008164e-07,5.988424250149306e-06,6.1140077397729e-06,1.1165047586120731e-06,6.585356386061745e-07,1.9295048671595097e-06,1.4586439804755634e-06,5.707669713188961e-08,1.2831965397056611e-06,4.398158309401918e-06,2.702652843691137e-05
0.3336612005795291,7.2517692926952884e-06,2.8519845892307625e-05,1.2486037873362632e-07,1.264417422165773e-05,7.35087939289956e-07,8.778542438902093e-07,1.1798267777713528e-06,1.6101996818294575e-05,5.036776294973181e-06,3.020973331398512e-06,1.5520378224256285e-06,1.906141271397558e-07,7.661411047248268e-07,2.513528460214568e-06,3.4524187903587976e-07,1.169461400536008e-08,1.3870836362429987e-06,5.142067222264531e-07,1.4281781495741731e-06,1.7633082832628549e-06,2.202122497965316e-05,1.3529584524141697e-06,5.541149274422515e-07,3.407792473739955e-08,1.3246395788319463e-07,0.021901376194919053,1.0080413831411845e-06,2.1380521981410131e-07,1.2081044675872133e-07
0.16447848524278122,2.4282419622736842e-06,1.3556524023148188e-06,3.0873408509574384e-06,3.440726000793464e-07,1.7390296673991083e-06,1.7970619392786122e-07,5.403264382633485e-07,3.426326576105118e-07,1.336484167729185e-06,3.209719267012386e-07,1.7985599938056313e-07,4.834905735992666e-07,6.367866953124399e-05,5.191616103471019e-06,9.301261061694537e-07,9.586457323897624e-09,3.3978410658181556e-07,4.6781349683496186e-07,1.2467111969026676e-06,4.712845105481205e-08,3.834761557368163e-06,6.586068154628824e-07,6.62004198280616e-07,1.8367431289139175e-06,4.035951319242886e-07,8.589631709316836e-09,6.366195816289223e-07,4.619480073064475e-06,2.961071369546137e-07
0.017865697070057085,8.689889588357526e-07,8.423393041068271e-06,8.770939023114316e-06,1.3868281104832794e-07,4.694644576799745e-06,1.424846755608343e-06,1.8413324416896188e-07,5.904293580611662e-07,8.294929282320117e-07,2.020382587536301e-07,2.380241627973629e-07,9.577325560946103e-08,4.645101234621802e-06,3.0577379725640702e-06,0.00018761127532041264,1.8899233460782835e-07,4.185509237207313e-07,6.554020958732589e-05,1.0629878253097549e-07,5.647750918099177e-06,3.6664120079983996e-06,1.7220849590528944e-06,4.4420915187035004e-07,2.4653466059703894e-07,1.0664449177981358e-07,1.0754858914679615e-07,1.1461791867983512e-06,1.4211668228963137e-06,1.9012668400599588e-06
0.1523801860014255,2.6326408753043992e-06,0.00011396115292235998,4.2987737335054785e-07,3.0206766665342715e-06,5.450818450974337e-06,3.0236783547445657e-06,1.4199026584989044e-06,4.709409708663475e-06,3.4739872257335337e-06,9.741516406530976e-07,5.0350353580343546e-08,3.0152412394673387e-06,1.2808388150216175e-07,5.9794646429087905e-06,1.3872349243635784e-06,1.2847473758961101e-08,1.1470408309217216e-06,2.1595095028892628e-07,1.1337991107824594e-06,2.13388951495104e-06,2.793944522909196e-06,1.3439080742263113e-06,1.9215256205617534e-06,3.0331867705185113e-06,3.164804690868494e-07,5.111048876589475e-07,9.24728673200144e-06,1.7146811403887958e-08,1.182933294680572e-06
0.4198423309443096,8.42594695193533e-06,3.390648009473622e-05,1.1176733266673417e-05,7.91637567285406e-06,5.389329404011032e-06,3.0170633380885747e-06,4.738997394919415e-06,7.386672025507913e-08,6.539999500342382e-06,3.0987677459889517e-06,8.337649729419228e-07,3.2122691357985175e-07,3.7591704037809883e-06,5.01051189495789e-06,5.042886343336273e-06,1.772855810705087e-07,1.2071233101556776e-06,6.191509529862867e-08,9.360768634512329e-07,2.2193376669219726e-06,3.3507560885924743e-06,6.991120019228429e-06,8.132744372959352e-06,1.305057301270113e-07,1.290143212903914e-07,6.986110214723204e-07,2.1647455652467684e-06,3.2875343748632247e-06,1.6378246098580099e-06
0.26936942586685286,1.7241987360731904e-06,7.107501802962873e-05,2.4374817867299134e-07,2.5557782334632083e-06,5.379367559826702e-06,8.486152520075405e-07,9.707975820889409e-08,9.630947380030823e-06,4.329246921486837e-06,8.834963098079887e-07,1.0600967420160801e-06,3.810238087554379e-08,2.610746460135986e-06,1.9673469383775734e-06,1.2584412298200402e-06,1.4611870365119928e-08,1.4665732309332208e-06,2.2792306504433566e-07,4.831389523910323e-06,4.852263231871145e-06,1.3845225095129345e-05,1.731127317755207e-06,1.3532452076515795e-06,3.842364839166017e-05,1.5587192327083468e-07,1.4891299679585985e-08,1.6253547034582127e-05,9.233291940103914e-07,4.672978473233299e-08
0.22801676236509216,5.006159322086625e-07,3.79959516043135e-07,4.8640563674025e-06,5.6444627597977396e-05,1.374635178851545e-06,4.661156494794867e-06,4.194885943707245e-07,9.611374589492132e-07,1.868630813051475e-07,5.440192999932939e-07,1.0746470224687886e-07,2.752207795000946e-07,1.5859650996570575e-06,7.505198172638709e-07,3.075003321367168e-06,1.4087127002240822e-08,3.0817663676071316e-06,1.1924706562460496e-07,8.813405003651139e-06,6.334773701839481e-06,5.88603253081409e-07,4.975919956029113e-07,7.541246064673586e-06,7.593249089313908e-07,9.186362337075309e-09,1.985192563714923e-07,1.1801089672838475e-06,7.275206194823833e-07,1.3846930845972306e-06
0.558050033033591,2.571304926429309e-06,6.816405293222483e-06,2.194846414214504e-06,5.587531626802518e-06,2.5880839329991003e-08,1.287609216981835e-06,6.2035086335563374e-06,2.027217818737952e-06,3.860070166002867e-06,1.3997904114778322e-07,3.2950725231884474e-06,2.0308835045854457e-07,1.1116112479405005e-05,5.68393484194876e-06,2.1835078727977277e-06,3.7871148264127574e-08,6.347917565676874e-07,1.976350371839089e-07,2.6045030473125564e-07,7.0459501534827816e-06,6.176056598060907e-06,1.7708681569263105e-06,1.442302105882362e-06,4.291881279791254e-07,1.0406840615420335e-08,9.6815229683163e-09,8.697453817201001e-07,4.713520680150821e-06,3.655830855904598e-07
0.027518577773559427,8.660639534317102e-06,9.422114688369238e-06,8.770939023114316e-06,5.743291419388135e-07,4.694644576799745e-06,8.92404964459273e-07,1.8403013087727e-07,3.716081201858566e-07,8.294929282320117e-07,1.5317527513414907e-07,9.779085423743859e-08,8.021353549701719e-08,4.506722350500881e-06,3.1424919290429435e-06,0.00018761127532041264,1.8121710083163023e-07,3.754743953392386e-07,6.554020958732589e-05,4.856655531495023e-07,5.647750918099177e-06,3.6501464212547195e-06,8.251632280433911e-07,3.569640887668635e-07,2.599419054651487e-07,1.4123041825869724e-07,1.5393751460672996e-07,1.1462302816693047e-06,1.2928392759689335e-06,2.102705415622635e-05
0.09439231359149268,6.899903260761004e-06,3.4134775749644e-06,4.14474871954369e-07,1.2972700266159282e-06,1.2378190231026306e-06,1.7459433258950705e-07,4.155445865388472e-07,5.173811238768988e-06,1.286368805135191e-07,5.958069058574988e-07,1.1476238155476486e-06,1.3680685498854804e-06,4.974960571965139e-07,1.1158596205839613e-06,6.762762251497282e-06,1.8324411759244e-07,2.1225583175657266e-06,2.3784402466313306e-06,1.1489869850150925e-06,8.41767274874701e-06,1.3208217563817561e-06,1.1990577185072874e-06,3.8599111165153566e-07,1.386708275638846e-06,9.869911397887225e-07,1.7478219082396314e-08,2.581131888493768e-07,7.323272427500757e-08,1.9119134127325194e-06
0.37636884539917814,2.5907811270307153e-05,1.5875517880956163e-06,2.4813782905956894e-06,1.0106430663340751e-07,1.662218154430214e-06,0.009736105344772586,4.62659001575808e-08,1.1691171186564404e-06,5.140597677654281e-06,6.150827333648192e-07,3.4037978401684017e-07,9.090377649583598e-06,2.4157992927082643e-05,5.584874282827911e-06,7.391228179148345e-05,1.6254077921357189e-07,2.3591408320936385e-06,9.973805363356051e-07,2.946334005984533e-05,9.54014720292779e-07,3.599600042361301e-07,7.375838715006814e-06,5.548821788719368e-06,1.1465807929060543e-05,1.012268004705491e-05,9.26319674352678e-06,5.214389427783358e-07,6.360267414907779e-06,8.77062808098331e-07
0.31460676292270895,1.4064838115442244e-06,1.8456402856729855e-06,3.381977693716637e-07,7.078575502773796e-07,5.287638864280119e-06,2.914204617304813e-06,1.0672650366276196e-06,9.62900730359559e-06,4.6391035120177684e-06,8.856594951407665e-07,3.936928298408262e-08,3.401110086543218e-07,3.7470033298720094e-06,1.9673469383775734e-06,1.41024195084355e-06,6.687875809293867e-09,6.3604202102593974e-06,2.058050341530352e-07,2.663971948048544e-07,1.283528393362217e-06,3.3214614406031952e-06,9.69827081899152e-07,1.907736801238669e-06,8.191787635147841e-07,1.8219152426503046e-07,1.95089634007888e-07,1.2450296341970659e-06,6.524098372508726e-07,7.359791744058682e-08
0.4622837410834766,2.4282419622736842e-06,1.3556524023148188e-06,3.0873408509574384e-06,5.285553923975815e-07,1.7390296673991083e-06,1.5677543262917804e-07,2.0158465891772583e-06,1.0444979950498533e-06,1.4286512983590438e-06,2.9953657282358835e-07,4.6329841425288893e-07,4.134752432922733e-07,6.367866953124399e-05,1.2395129049568656e-05,1.109809562730131e-06,4.3427742097217667e-07,3.2058221425701056e-07,1.939612996975389e-07,1.2467111969026676e-06,1.1481661036909127e-08,3.639476038073181e-05,7.038040047818631e-07,2.3050322039943773e-06,8.036477776478618e-07,3.186609091322453e-08,9.22585348125174e-09,2.0371716143957824e-06,4.619480073064475e-06,9.937488219302292e-07
0.10272454920850638,7.25603003873697e-06,3.24274871907827e-05,4.781637876333849e-07,3.7884066924585812e-06,5.523416614661804e-06,3.4200062092066606e-06,5.590464034967092e-07,3.7990473457792755e-06,6.1062912035411616e-06,3.2425229020188687e-07,1.4486268366145206e-06,4.28508589220227e-07,3.2870550032739924e-05,1.6351585006623567e-06,2.2201162464664053e-05,2.72202598080691e-06,1.5949248912544225e-05,0.0029335601230371894,2.9205929980684753e-06,2.4065593100805214e-05,4.066606629300199e-07,1.702801133879026e-05,1.4438267218095398e-06,2.8071332606339636e-07,4.370915248776305e-07,7.00240187744458e-06,4.5460609354680247e-07,4.264481303446185e-07,4.926851700646089e-08
0.48241833956434066,3.9682887849386435e-06,3.5882030280584904e-05,9.099214738467414e-07,1.956820316337712e-06,5.690163757821345e-05,8.479741409855058e-07,2.733055139158878e-07,3.3968018247230664e-06,3.888881769895001e-06,9.924249730406776e-07,1.4565917450396807e-06,4.208402864621273e-07,3.901103647941046e-06,1.4320832398104596e-06,2.4622136048192872e-06,1.5361508345518066e-07,4.710064190559098e-06,2.3331037582833237e-07,2.3503463885414977e-07,5.894650292299667e-06,2.4551365267670368e-05,1.4024491040353356e-05,2.1546305966357996e-06,1.0212607624880297e-06,7.055552292295232e-08,7.636538780249534e-09,1.6986542070730878e-07,1.4539287025078664e-07,3.343653544433464e-07
0.30009256433405057,6.069284634069236e-07,4.6470609969205185e-06,2.9865411858950708e-05,1.355197808590383e-06,4.7390005039049485e-06,2.6028470064728578e-06,4.170169832526408e-07,5.136273188099458e-06,3.477689905877558e-06,6.680695816178378e-07,7.298277671205389e-07,1.548281599673338e-06,1.3741400018158726e-05,2.914990550785423e-06,6.6221142501609484e-06,4.961196957626399e-07,5.305511442626628e-06,1.3315134705968497e-08,8.323570191146517e-07,8.310182856396935e-06,3.876396738589125e-07,1.616393177429343e-06,1.9044128692974122e-06,4.637787680347488e-06,2.1140138748498203e-06,1.354931101426437e-07,7.902174389136627e-07,3.3108051265638883e-08,9.107450680938139e-08
0.5813651797207475,7.217892370231031e-06,3.283153464560516e-05,5.34947787989723e-06,4.622331599487658e-05,5.5186818369948884e-06,2.504753639710125e-07,5.569547624517677e-07,9.028957253989108e-05,6.687824206656992e-06,3.91189502241297e-06,7.65236353444004e-06,4.2735792668775516e-07,5.969458732510777e-06,3.031911674345669e-05,1.810821667124455e-05,2.661153623127931e-06,5.471399796382453e-06,1.7922855818738677e-06,1.0819743179632325e-05,1.5657529635384164e-05,3.526781839832646e-05,1.5232936914400793e-06,2.779429214065959e-07,6.248273603655571e-06,8.49237952529589e-07,6.384223890811749e-06,9.229686773619822e-07,5.820191108609915e-06,3.025491955910955e-06
0.969132843572146,2.3447447132093527e-06,0.002263328751325844,8.238013700581752e-06,2.8439467968789685e-05,3.391126726320006e-07,7.840114636030155e-07,6.868987009936856e-06,4.1788026901391115e-06,5.7047250339986945e-06,4.963164355754897e-07,8.120336548659052e-06,6.252650345553851e-07,0.00021836964458454242,5.68419604564341e-06,1.4999713725384709e-06,1.4975977915389935e-07,7.08099269167962e-07,2.3618398638484796e-07,4.619756705675218e-06,1.1550577399038774e-05,6.049892980169739e-06,1.7967468112809538e-06,2.0284145670478573e-06,6.035174467838072e-07,5.91401420838969e-07,1.4564781745594275e-07,8.678849435099531e-07,3.1781077683323778e-06,3.1295578747838383e-06
0.2815721917466142,2.4835574501589766e-05,2.8090196476621828e-06,1.4348751040068956e-06,2.9904085848834287e-07,2.477608991665158e-09,3.836473044229954e-06,6.305103161671456e-06,6.891472578737855e-06,2.157987483009723e-05,9.113038062690845e-07,2.1939308637739265e-07,1.2796661685663833e-06,2.9829376699223317e-06,2.0601255701059517e-06,6.085492000412348e-06,2.429747857426143e-07,7.720730366638393e-06,4.597315395618077e-07,1.2304440767455939e-06,1.5225843311407082e-05,2.0036056083401055e-06,1.3018934078611459e-06,5.3933301367277145e-06,1.8723020221253022e-06,1.8237992914012924e-07,1.44771894412764e-08,2.3827959809836743e-06,9.507618865646363e-07,1.687052079804344e-07
0.43470425421012077,1.1521939333945808e-05,5.418249676565172e-06,2.3782431511064748e-05,8.773514281929855e-06,5.375719793490083e-06,2.0259673346600162e-07,4.720849582903791e-06,4.641662700846383e-06,4.047669807074929e-06,2.3938026286727234e-07,7.278655531864802e-07,8.389980556645582e-06,1.924227538125305e-06,5.335979319887182e-06,6.234325174041366e-06,1.566485117649782e-07,1.1457208884459921e-06,1.103321031725088e-06,5.949655224116803e-07,1.707048764776439e-05,1.0410422769723793e-06,1.3150995375285801e-06,1.8317987150617695e-06,2.9300657052463715e-06,1.207367421772448e-05,1.4602147164695177e-07,1.0905362196835913e-06,3.1803552159206095e-06,1.0481076797751435e-07
0.8550120955836478,2.0397332821499316e-07,8.352378127486499e-05,6.922106584864913e-07,5.7181264994135874e-05,7.2908520501326854e-06,2.5635632806238115e-06,1.1405048267379993e-06,6.191646400380634e-06,7.0440887250285e-07,1.7999446393942199e-06,9.561585326085544e-07,2.8802614255327155e-06,3.1897738211231003e-06,4.485273569973481e-06,9.293689531394514e-06,6.454981520575744e-08,1.6488265686114435e-06,3.3701159658130806e-07,1.114642127609399e-05,6.216248305611388e-07,2.2447147617422253e-06,1.616428609012285e-06,2.0380195149323055e-06,1.7741525333896806e-06,2.70116496110263e-07,2.638968631567358e-07,7.761392815846536e-06,9.548938502562444e-06,9.108712367065956e-08
0.7520181751103286,7.881054369025756e-06,9.740381767127454e-06,5.2027917795696164e-06,8.811652639236422e-06,5.50095658686125e-06,2.685390138499936e-07,6.288166798954863e-06,5.3921608980955e-06,2.0431235313159923e-05,4.844923757105966e-07,1.7744039154433873e-06,9.397743098441121e-07,2.292071042933199e-05,6.231155232650302e-06,5.0881910295137105e-06,1.0287464697932194e-06,4.466339909368079e-06,2.084803099406745e-07,3.011964879886026e-06,0.00788829088436548,5.901992593790818e-07,7.365858936922244e-06,1.9388598966448042e-06,2.001926225088157e-06,4.8074165389626474e-08,3.309239167699483e-07,1.1785188084080072e-06,8.439247635360652e-08,4.631931692819961e-07
0.008152740974168293,8.943217382484337e-06,9.369653787032168e-06,2.257555283831291e-06,7.02250182421315e-07,8.117744687299765e-07,4.107766555716205e-06,1.9360348400454123e-07,5.90281953541646e-07,4.7448653260798344e-06,6.609793441123087e-07,6.508094739776587e-08,1.9027944975960313e-07,4.0464466790024364e-06,3.117212803371043e-06,2.3518430213209825e-06,6.544294479821821e-07,5.342430303746071e-06,1.9620192118340496e-06,3.0011795907564504e-07,4.153262703433399e-06,3.065270615175465e-06,1.4401290511726005e-05,2.513690886540015e-06,1.8989459163076587e-06,5.204615397425804e-07,1.7788338956681186e-09,3.969716307557864e-06,2.708277289931129e-07,9.725080149952259e-07
0.32125364438809206,5.069227503642906e-07,8.549815371413822e-05,1.0486378943659664e-05,1.4295154468265237e-07,8.662199760560016e-06,2.6028470064728578e-06,2.49075656955949e-07,1.3819963828822493e-06,3.519842919638469e-06,6.680695816178378e-07,7.2975933270487e-07,2.767059146601007e-07,1.3741400018158726e-05,1.2638615934245007e-06,3.6377396858000012e-06,1.157337620163478e-07,5.508754853451848e-06,2.176186207342848e-07,8.323570191146517e-07,4.105511172737157e-07,2.601729698172908e-07,1.606349674756853e-06,1.9044128692974122e-06,2.9271913682253926e-06,2.1140138748498203e-06,1.4140880690183154e-07,7.902174389136627e-07,3.7337331152456983e-06,9.107450680938139e-08
0.2919565470690493,8.564606631998345e-06,7.98800963854847e-05,3.130405957273469e-05,2.6669937739732163e-05,4.695492627072149e-06,1.5036829945954443e-06,6.690122683469983e-06,1.5712847488240868e-05,4.85613631883459e-06,8.676070092613647e-07,7.5345586888612266e-06,1.3494718487808118e-06,2.230293561114025e-06,8.569297610708591e-06,3.323312252688607e-05,5.714541335953781e-07,2.548351882725032e-06,8.300457177500201e-06,4.400729068920018e-06,1.2802147171431138e-06,2.366918682767233e-06,9.560210631401913e-06,2.1773654234238893e-06,3.55989270662621e-05,1.4314788722219707e-06,2.427421746361293e-08,2.6722981066011362e-06,5.699177337366699e-06,3.048725316558489e-06
0.49167814824881684,2.1573318956394864e-06,3.75698574922401e-05,9.289970855761732e-06,1.1282654901116059e-05,5.635200158304748e-07,7.73427810677901e-07,1.0799672943410769e-06,4.672265296450619e-06,2.027984890719734e-05,3.688432355174219e-06,2.0844983831640663e-06,3.5788436604948116e-07,4.777548581863145e-07,9.351028635768054e-06,1.4731381672175864e-06,8.76382119797513e-07,3.2277622705322285e-07,7.212377938997863e-07,6.471289740512567e-07,2.2304231989189523e-06,1.1943052360711246e-06,2.153607793365622e-07,4.5074671035961823e-07,1.108690881681936e-06,5.832679616149757e-07,6.254106512679766e-09,8.47924240843105e-06,1.1691609056404638e-06,5.358353459956201e-07
0.6058936038008734,6.898312670468716e-05,2.9545651588856522e-05,6.527345431693324e-07,6.436749098702035e-06,5.500175621762118e-06,7.131727285459805e-07,2.726789152490238e-07,1.3777518715521945e-06,6.74328368508855e-06,5.766152719700185e-07,7.8735435470385e-07,3.3265005663277975e-06,3.3777617700755364e-06,5.925846228730288e-06,5.271017749953448e-06,5.037205110835867e-07,7.1013607190511e-07,9.855526059783458e-07,3.9450627541346134e-07,2.8291614142634166e-06,3.041919027699041e-07,1.6119958297259479e-06,7.599969269502286e-06,5.741653303131283e-07,1.9400237350746938e-06,2.0892292843521728e-08,2.6516137735082435e-06,7.624609268655527e-07,1.858391089383214e-06
0.8328155163972375,9.335910695390957e-06,8.170314858168283e-06,5.240408043743773e-06,2.755852936725916e-05,4.144624153292462e-06,2.504753639710125e-07,1.5693702249830992e-06,6.880444664358257e-07,4.791524026939578e-06,3.91189502241297e-06,7.63985175598386e-06,4.274465950811864e-07,6.094914454380672e-06,3.0511690837826184e-05,3.571921969327093e-09,2.3510474170490317e-08,4.697885198783473e-06,1.7922855818738677e-06,6.625615977514865e-07,1.5135584420168672e-05,3.339792849783256e-06,1.5232936914400793e-06,2.9510752589534233e-07,6.394992780304265e-06,8.49237952529589e-07,2.6038739840204144e-07,9.229686773619822e-07,5.820191108609915e-06,3.025491955910955e-06
0.40444635480634494,7.348715824305551e-06,3.377433811656275e-05,2.710727267522205e-06,6.576083553677104e-06,5.296760461887266e-06,2.0446133206034065e-07,4.839988680811268e-08,3.119772867535113e-07,4.04238160213464e-06,3.724420767586591e-07,1.4032278225513078e-06,2.9119463310591606e-06,1.9508871432673146e-06,3.5870507439517394e-07,4.583485936410666e-06,1.6190111967595868e-07,4.072945412228574e-07,8.02731116583554e-06,2.947007474879549e-05,4.5413135528922536e-06,3.4874521663105472e-06,5.243810549726358e-07,3.984777985634505e-06,5.346577345977286e-07,7.812367924290051e-07,1.3349576582600222e-07,7.164763532984507e-07,3.201507452174057e-06,2.9359778010591176e-08
0.197793912934791,2.1923980928476774e-06,1.7297156212389948e-05,6.619117573190061e-06,2.7247249631449838e-05,4.076053713931136e-07,1.7431527301791413e-05,1.8184060301780184e-07,8.444474258296621e-06,6.927995582134782e-06,9.643648094921153e-07,1.7809770077245364e-06,8.847971088730585e-06,3.463187118142759e-05,4.884188514498475e-07,4.1717189157383835e-06,1.032675696007696e-06,3.8981313303228625e-07,4.176968884108809e-07,1.7608613688841182e-06,1.4945014683766152e-05,3.654257360278039e-05,5.469842440224212e-06,4.773190398223345e-07,1.3874495021727662e-06,5.679061363705486e-07,2.7744821583241398e-09,1.0921381041929256e-06,4.275642359026723e-07,1.4816917316297132e-05
0.5445239678725999,6.625317833964904e-06,8.279033691478528e-05,0.0001374732696495069,3.2555714615596088e-06,5.577950606378166e-07,2.1224408940667726e-07,2.825648192233846e-07,5.655885356664334e-06,5.839873972204358e-07,1.0399347772775029e-06,1.4102632340357358e-06,7.801490200615241e-07,2.0726542442458286e-06,6.627396577969287e-06,3.3902269918727806e-05,1.84949913039438e-08,5.472404026236061e-06,1.0306519059356212e-06,6.859160060263033e-06,4.703677798449343e-07,2.1118433319126027e-05,5.008434408660577e-07,2.0367274991456675e-06,1.3268954633473683e-06,1.6366045109153808e-07,1.500537701112771e-07,7.45435517240459e-07,5.699177337366699e-06,2.3802640202534067e-06
0.5937024237925376,8.49744840787893e-07,2.3846528118334764e-06,4.2753778054899065e-06,2.803409892245947e-05,1.1572383459737962e-05,8.325505873717153e-07,1.174208120443764e-06,5.571300872519e-06,5.659867585251598e-06,6.1463822124775e-07,2.038494346563048e-06,6.244895434687103e-07,1.6717934372864778e-06,6.541519995473755e-06,3.3715020979610886e-06,1.9523249073569143e-07,4.711002012780924e-06,1.0542335144855297e-06,1.5312575019374664e-06,1.5677703047822656e-05,8.293651334083643e-06,6.935282694803318e-06,0.009952717836914484,1.4754637728539856e-06,1.8409215361094462e-07,2.5108276325848993e-08,2.3907092056715198e-06,7.850197243453782e-07,1.387466060172881e-07
0.646388741179002,7.270993720113664e-07,3.317806871590642e-05,1.7269390804312287e-06,6.106885539975775e-06,1.796509805507463e-06,1.0427059315734345e-06,2.100942887073165e-07,6.434257313784067e-06,5.605875959907387e-06,3.0877365684391986e-06,8.371972784378844e-07,3.0399390649665744e-07,3.3729394458841366e-07,1.142573069371023e-05,2.2223694579649202e-07,1.416492489594883e-07,4.3449540038275155e-07,7.998095387831293e-06,4.574931640491449e-07,1.0360387766879826e-05,6.1140077397729e-06,1.1165047586120731e-06,5.547716246259372e-07,1.1973671262715932e-06,2.598712165829912e-07,5.872269721459878e-08,9.597411257152415e-07,3.231958239726287e-06,2.702652843691137e-05
0.7105594423348709,8.882406222423482e-06,7.272217057179443e-05,8.33722818031499e-06,2.9935078128911575e-05,7.975886680828685e-06,4.627121426931339e-06,9.75145335291445e-07,5.777565066707508e-06,5.206899946371119e-06,1.8876439339417977e-06,2.0267699208683243e-06,4.864709830917797e-06,4.137666884167717e-06,1.3388123581884558e-05,2.2982525250997916e-06,4.699480442152329e-07,6.6073479644575335e-06,6.29098255879225e-08,0.0006578627040807543,7.470172827761225e-06,3.990997984728003e-06,3.083545486996134e-08,1.434050668812311e-06,1.2520646879461046e-06,1.5203216247405382e-06,6.426895887791408e-06,2.351983845457726e-05,4.352558608861739e-06,1.5298466620607806e-05
0.17798789170170673,2.483075352395622e-06,3.178725607909344e-05,3.782096108850073e-07,2.861124462739945e-06,5.297645504998714e-06,1.308050851452438e-06,1.4199026584989044e-06,4.796232142568458e-06,3.4739872257335337e-06,6.531195188704106e-07,1.874613947398323e-08,2.9055288074943424e-06,1.2808388150216175e-07,5.9794646429087905e-06,9.997234886025424e-07,1.4821337121977829e-08,4.2235192176030667e-07,5.540145230736054e-07,3.0987154513611714e-06,2.209309974849126e-06,2.792869983548047e-06,8.66609326256075e-07,1.7055078875711322e-06,3.0331867705185113e-06,3.2334674314069385e-07,1.374780402273317e-07,9.24728673200144e-06,3.121856235956338e-08,1.182933294680572e-06
0.8388399038848231,6.200685554176073e-06,7.98800963854847e-05,9.441485963085386e-07,9.859342701753815e-07,4.2006057881005937e-07,1.3665396021230353e-07,3.757084010616199e-07,5.181179349136447e-07,1.3266608573662538e-06,5.853683452449795e-07,7.912151474208658e-07,4.06710103660911e-07,1.6747792188578782e-06,3.561641949217222e-06,3.2369722239888773e-06,1.4525425465168852e-07,3.99539443094038e-06,1.4087936663861764e-07,1.4680072416553618e-06,1.1575927205450301e-06,1.7950654253785126e-06,1.6127182118738448e-06,2.0421291049765405e-06,1.3154527111707657e-06,5.906086854523444e-07,1.4570519125226894e-07,7.919833394331998e-07,1.904906867467904e-06,3.2397995259743388e-06
0.07092914940121603,9.77443670760887e-06,3.283153464560516e-05,5.517840263148358e-06,9.588186343672318e-06,3.3470985588364236e-07,1.8856753198024398e-06,8.338803562708818e-07,1.696916180487735e-05,1.4451808543989e-06,3.915977411269588e-06,8.794849362063717e-07,4.2735792668775516e-07,1.877457300838482e-07,3.038639306223018e-05,1.886076476118448e-05,2.6365115321932124e-06,1.4007525197547517e-06,1.7922855818738677e-06,2.9710032670320417e-06,1.5135584420168672e-05,4.6455896982328015e-05,1.5232936914400793e-06,2.7774796016216273e-07,5.751439890962455e-06,8.49237952529589e-07,1.8047585108063115e-07,9.036077752588567e-07,5.8444923320221095e-06,3.0165081003371695e-06
0.9371000246239642,2.619998944272105e-06,1.0283961046176247e-05,4.2987737335054785e-07,3.0431407931703483e-06,5.070750030509484e-07,1.223749497866211e-05,2.2571326485048086e-07,6.5315609774219356e-06,1.9266416124135876e-05,1.2064991084238953e-06,2.085462044557863e-07,1.3429932290244704e-06,2.2932199028734635e-05,5.0493606777715495e-06,8.30874309034171e-08,3.9133983503359814e-08,6.700388884438118e-07,8.074875917899406e-07,8.78502638451706e-06,1.5313852536405648e-05,2.397077357994387e-06,1.3171410120215618e-06,1.9379046648404063e-06,5.597885627251594e-06,3.1819509393628604e-07,1.5137572950300976e-08,8.153619225543748e-07,1.07685960448689e-06,1.1095829095731822e-06
0.3934255652564436,9.395717826092586e-06,3.441785822944703e-05,5.240408043743773e-06,2.7669296872156448e-05,4.144624153292462e-06,2.504753639710125e-07,1.5189249796216596e-06,6.880444664358257e-07,4.791524026939578e-06,3.6654296746375794e-06,7.63985175598386e-06,3.823524089982627e-07,6.094914454380672e-06,7.796013399593207e-08,3.571921969327093e-09,1.2640358363019436e-08,4.697885198783473e-06,2.0646343625332827e-06,6.625615977514865e-07,1.5135584420168672e-05,3.4818199393785554e-06,1.5494551883086366e-06,3.5866786910374636e-07,4.929276329223366e-07,8.49237952529589e-07,2.6038739840204144e-07,9.167345423589255e-07,5.820191108609915e-06,3.025491955910955e-06
0.8962729933209121,3.247336999629672e-06,1.2172441067613095e-05,8.910937325814876e-06,1.2297026416354641e-05,4.715454860769859e-06,9.171154079093775e-07,6.159683131041431e-06,5.199042836691014e-06,5.309325597011558e-06,1.0355694012396622e-06,1.3097109295951085e-06,8.469512896060825e-07,4.5092699352278655e-06,1.1199567975417558e-05,0.0001878797722751813,1.8114066895725722e-07,3.8010783542152547e-06,6.608361490235395e-05,9.855494634555882e-06,1.3018148090636052e-05,3.6502389459536832e-06,8.381946932180339e-07,0.00045780127648076924,3.246688685336567e-05,2.2384692374565227e-05,5.542190466641197e-06,1.1853796410011967e-06,5.217164733371944e-06,2.3259414497632915e-05
0.9777025703802115,2.368267815215628e-06,0.0023220241800172544,6.529062580183795e-07,2.7491013642397696e-05,1.748529211079471e-06,2.6041230998023073e-07,4.3085182120999155e-07,1.3949318667606584e-06,5.327035402199315e-06,1.7650153239722624e-07,5.648723315126416e-06,6.561008114567313e-07,0.0002134037587544468,2.5326840771929148e-06,1.0158826498640252e-06,1.5326147581465486e-07,5.411742310906263e-06,2.3610806063178696e-07,1.6710722735384854e-06,2.839561227410484e-06,2.366918682767233e-06,4.2237760505024244e-07,1.9615786712349485e-06,5.985212489129037e-07,1.9306210763327106e-07,1.4712692136638955e-07,8.656701324676491e-07,5.699177337366699e-06,8.96392831005796e-07
0.6583797083281294,1.2744980556107748e-06,7.028343167718063e-05,2.1832363216305496e-06,1.6593203731696595e-06,1.8796437923763954e-07,9.110947938142423e-07,6.547318460440591e-06,1.95958794615376e-06,1.5926887817531058e-06,9.745081220149844e-08,1.4540941253421437e-06,2.5117040408596577e-07,4.1025876782041755e-06,7.49587631270199e-07,1.1337743703978912e-06,7.756848794261698e-07,5.905706942721778e-07,7.853855314045686e-08,1.5230842140548394e-06,3.76262259103044e-08,1.2149598490856729e-06,1.6268749098202963e-05,2.239926214915344e-07,6.018995834195645e-07,4.157521868530598e-08,8.933913985625925e-09,3.835482933072216e-06,1.1930227381059058e-06,1.76232658689972e-05
0.8175037151372608,7.570853827544256e-06,7.646215846038736e-06,3.6940376247284254e-07,3.6599424680382535e-06,2.603615245653986e-07,2.6041230998023073e-07,5.580025615217981e-07,1.3060725741616877e-06,5.304872598374411e-06,3.348414310282492e-07,1.529908385589425e-06,9.907608490215456e-07,6.009459286383522e-06,7.884343366959832e-07,1.2674177110979394e-06,8.391989079448514e-09,5.758525416656265e-06,3.5756226581786426e-06,1.6195635640389693e-06,1.23111475806835e-06,2.366918682767233e-06,4.726453467309525e-07,1.9615786712349485e-06,1.3281404581349383e-06,5.447497623919782e-07,1.4712692136638955e-07,4.447389290686436e-07,5.914151975921831e-07,2.664092310377616e-07
0.9947924252621625,6.6685010846433705e-06,6.753371476182737e-05,8.698636349701159e-06,1.9889288687758346e-06,5.37767084957373e-06,1.261979262697688e-05,4.324633830721973e-07,1.0099575330422707e-05,1.1473639721420156e-06,4.940936265737441e-07,1.1166596271316774e-06,3.1779330293596484e-08,3.450421149576695e-05,6.215225582552517e-06,1.2621963736685665e-06,1.7994545560371257e-08,1.4068544056337171e-06,3.616204535018195e-07,4.696924377292005e-06,1.1417804888649287e-05,1.7522490106484266e-06,8.326091810500317e-07,2.028774770071518e-06,2.4305529869845542e-06,5.962736370587409e-07,0.006614677128926169,2.3348984604279897e-05,9.270128369295091e-07,3.179036178591514e-06
0.1132209196401262,9.352849997509882e-06,8.198008818166587e-07,2.4783589087290644e-06,5.420170862029405e-06,7.131726244580589e-07,1.2770255640540259e-06,1.0799672943410769e-06,9.795356954114766e-07,5.223057644833077e-06,5.477818749268033e-07,1.0715063683798993e-07,3.5788436604948116e-07,1.7904945978331495e-07,5.645531333409462e-06,2.189177997844663e-06,8.647530274190417e-07,3.2277622705322285e-07,7.212377938997863e-07,6.555690202243536e-07,1.671497662573115e-05,4.6738111312481767e-07,2.632944887073196e-07,3.6533278308905857e-07,1.108690881681936e-06,6.099437564227651e-07,2.3857475681564494e-08,5.709691493923447e-07,4.535930014984539e-06,5.358353459956201e-07
0.5278212035467178,7.399322852368749e-06,3.283153464560516e-05,6.463897299851794e-06,2.847273628582295e-06,5.5186818369948884e-06,2.497344129221204e-07,5.569547624517677e-07,6.880444664358257e-07,4.791524026939578e-06,3.91189502241297e-06,7.63985175598386e-06,4.2735792668775516e-07,5.991173514656045e-06,6.309791996631111e-06,1.886076476118448e-05,2.661153623127931e-06,5.4556131182476685e-06,1.7922855818738677e-06,2.9710032670320417e-06,1.5135584420168672e-05,3.339792849783256e-06,1.5232936914400793e-06,1.9560456685890848e-07,6.394992780304265e-06,8.49237952529589e-07,2.6038739840204144e-07,7.465311131745839e-07,5.692284444089517e-06,3.025491955910955e-06
0.6910905592957377,5.333161789987064e-06,3.364653634241879e-05,2.655857900330073e-06,9.616534368255989e-07,5.38047116748997e-06,6.972924708861536e-07,2.7763766423604753e-07,5.52459663697771e-07,6.539850458338191e-06,3.072271972102383e-06,1.428410120039216e-08,0.00949133306317946,3.823024091632406e-06,5.993281036638368e-06,6.619306949741696e-06,3.951157684616625e-08,2.2755911215421605e-06,4.711202081286423e-08,9.426701418445546e-07,2.244970447606403e-06,1.3256218985937804e-06,7.026081146023694e-06,7.94996954392848e-06,7.884919118172976e-07,5.605170594104757e-07,6.462280646674592e-07,3.8657382502557994e-06,3.280909122467819e-06,1.645829383540291e-06
0.6680198407546681,8.497640554916452e-06,6.806132264517875e-05,4.191097143012167e-06,1.2487827874268177e-05,5.39167460394176e-06,1.1139043999460359e-06,1.0250602139796446e-07,6.2554336244383364e-06,4.774808966775981e-06,6.623578818015716e-07,6.941529425449209e-07,1.9916560670080764e-07,1.9797022398789517e-06,5.082963530331763e-06,2.5343957577626477e-06,1.7306681585331178e-07,1.1458114066962382e-06,5.7881611613263084e-08,9.360768634512329e-07,2.2193376669219726e-06,1.0376305312703635e-06,7.354315629394408e-06,1.6094937765785244e-06,2.1953409858761098e-06,1.290143212903914e-07,6.897993584662812e-07,2.304920480397735e-06,6.289205390806599e-07,1.6441172679005679e-06
0.7332172507676089,3.5570446983382644e-06,6.666401514185278e-05,2.176819497207934e-06,1.225158360460016e-05,7.948113692659363e-06,8.832569523475703e-07,5.845812915252893e-06,6.025542164170891e-06,4.081809615337015e-06,1.2933254954224025e-07,8.703940512433188e-07,4.862222086039798e-06,3.815064526734304e-06,4.623983845013414e-06,1.0698367585800389e-05,5.27587162469143e-07,3.3209221461751125e-06,2.3832636188114208e-05,1.262149574317248e-06,7.03099552829904e-06,5.139491303629799e-05,1.2143110727127658e-06,2.859231747138689e-06,1.0869589011678512e-06,6.119001753355052e-08,2.475919726475776e-07,8.110938950590068e-06,1.250145962844191e-06,4.0263716598024566e-07
0.35377531088181574,5.905816156120519e-06,6.977786621823872e-05,3.1006712452667633e-06,1.6130288942396297e-06,5.282653531413881e-06,5.123545926964999e-07,6.640359612184624e-06,5.253054072324324e-06,5.184896591101747e-06,2.6566052677825844e-07,4.701525703251842e-08,3.4076715049231195e-07,4.055704087618882e-06,5.915084873970316e-07,1.1490306361567922e-06,1.2560336501124513e-08,4.653184425396644e-07,1.616764700575918e-07,2.680223999471739e-07,9.21468260290119e-08,0.0003200494927551804,9.489194255720339e-07,1.5174672403800864e-06,1.2600422552630218e-06,9.55028895247266e-07,1.7420955057154736e-08,1.6367053627243926e-05,7.769726194732359e-08,5.785183353496566e-07
0.7868304694269636,7.3390418861822926e-06,7.021839734040739e-05,4.848300939110012e-06,7.046414660045477e-06,3.4710407611412964e-09,1.8151381245305675e-06,8.39482750220033e-07,1.7024738803164932e-05,4.899274893519029e-06,3.880092528119467e-06,6.009083535452867e-07,9.118688042996057e-07,2.2606796480173922e-05,3.0674616180891966e-05,3.004447885272299e-05,6.789074182582451e-07,2.0662320895488943e-05,8.739804584956482e-07,6.564937913430102e-06,1.4837924105749254e-05,6.40151094043995e-06,5.885767012123442e-07,5.01658091852584e-06,2.767985682236932e-06,1.3579339482583068e-06,2.4494016574282363e-07,1.0649264303118571e-06,4.9948608732163314e-06,1.5177396451174509e-06
0.6116692561139333,7.498283450349376e-06,0.0001159484839409711,1.866652923104434e-06,6.735635810177308e-06,5.452278607793615e-06,2.9545114342696017e-06,4.839988680811268e-08,3.684395243409972e-08,5.838758694559306e-06,9.771313080758166e-07,1.475857342112053e-06,3.0216587630321574e-06,1.9508871432673146e-06,4.5862288114757986e-07,1.838564292531224e-05,1.600125080180897e-07,1.1319835272022327e-06,7.74258535857207e-06,2.7626029393031367e-05,4.465893095882725e-06,3.488526705671696e-06,1.3441235104691473e-06,4.200795797032348e-06,3.810723758411398e-05,7.743705258875243e-07,5.071237241047931e-07,8.729901955775074e-07,3.271805320100068e-06,2.9489763840919615e-10
0.774600857903529,2.1318929794848865e-06,3.139144784243521e-05,9.723114695311976e-06,0.0032629675264569677,1.5570732774600442e-07,2.733441677682142e-07,6.419217860407247e-06,5.36202991781605e-06,6.069751371954915e-06,3.2408537845893833e-07,1.7756665679631245e-06,9.998526454171091e-06,1.0772229375513864e-06,6.231155232650302e-06,5.095496266749541e-06,1.0412295415685363e-06,3.72040619963559e-05,4.915027472886171e-07,4.7599344537564727e-07,1.4945014683766152e-05,5.421631374450751e-07,7.365858936922244e-06,1.9855800586961996e-06,9.675275654812772e-06,1.0193796148590714e-05,3.3397034563065817e-07,1.0816820000993748e-06,9.82932062173062e-08,1.4840604775137139e-05
0.9807967501045847,7.502733818497556e-06,0.00012049875080310653,9.105287388638037e-07,2.7491013642397696e-05,3.4403217907963736e-07,2.6041230998023073e-07,5.806153936952479e-07,1.1028198885901312e-06,5.331082942559543e-06,3.927404471913944e-06,8.094529923384624e-06,9.907608490215456e-07,6.009459286383522e-06,6.627396577969287e-06,3.6476846920484285e-05,5.540856647233408e-07,5.464321097415533e-06,3.5756226581786426e-06,1.6195635640389693e-06,1.2824558921135444e-06,2.366918682767233e-06,5.008434408660577e-07,1.9615786712349485e-06,1.3281404581349383e-06,5.447497623919782e-07,1.4712692136638955e-07,7.553383750720204e-07,5.79524633397353e-06,3.3566156176776314e-06
0.9604469238332485,9.819280864511072e-06,7.839038404521178e-05,6.34951938737397e-06,2.175318388878149e-06,3.838691437048049e-07,2.6041230998023073e-07,5.806153936952479e-07,7.90462845716262e-06,1.5494534659785173e-06,1.1104886530039612e-06,8.170087896554237e-06,9.907608490215456e-07,6.009459286383522e-06,6.631828472595481e-06,1.0638821776881788e-06,8.583676919608777e-07,5.521926632674401e-06,2.1704700252241628e-07,1.9700728291364727e-05,1.23111475806835e-06,3.4333390516214995e-06,1.649999148356468e-06,2.0955649171751143e-06,5.793448461267969e-06,5.447497623919782e-07,1.480292686847424e-07,2.168097351267805e-06,2.0043380958808415e-05,3.3566156176776314e-06
0.18773341707676502,9.341756240645285e-06,7.890124870802704e-05,1.1198035131427464e-06,2.7708027465277082e-05,9.613149317249792e-07,1.1705639708411535e-06,4.1983791769468814e-08,2.9427414054512093e-06,5.543149183727077e-06,3.9351519669964306e-06,8.309654006481992e-07,7.083461020726164e-07,3.896635068845525e-06,5.645531333409462e-06,4.1097139491396905e-06,1.0459941959025335e-06,4.0174440670237395e-07,4.1503747760718836e-07,5.054318169315061e-07,9.165940230442946e-06,1.0563624068454168e-06,1.5976672714399503e-05,3.4242379868755057e-06,1.0630635591744063e-06,6.115520021013366e-07,3.4192177003972665e-09,1.2139779888042221e-06,5.367320604916528e-07,1.2587560657610698e-07
0.845165129144679,1.5260627560854973e-05,2.034660284353426e-07,1.3134080231891604e-05,5.263437523997418e-07,2.899131985544142e-07,1.7738706942842542e-06,9.00154897351566e-07,5.4093922793058194e-06,6.116705476695022e-06,7.487868082460964e-07,9.673999584431773e-07,5.499899640130933e-07,8.894772905333861e-07,1.2803670994521037e-07,3.624941834080655e-07,1.4786960153135652e-07,3.890910379423032e-05,2.156600641822159e-05,5.889433651069716e-06,1.5717840896698914e-06,7.455894822633557e-05,7.092908838496523e-06,2.221909310006975e-06,1.062018761509437e-05,1.0157966891830377e-07,1.9231908468467844e-07,7.584446701538683e-07,4.66899151687404e-06,5.585642294409291e-06
0.7241875729647116,8.727320287059505e-06,0.00010725233777945868,2.0173451210769176e-06,1.216731873765004e-05,4.571436100475271e-06,4.599591934290649e-06,1.959623033449376e-07,1.4318638955984733e-05,1.9839247988445457e-05,1.0535161817517164e-06,1.960453677763807e-06,7.073394029585384e-07,4.548113492827652e-06,1.3297752669554458e-05,1.0745628398294249e-05,1.8122105420074127e-07,4.584013670273786e-06,6.710534028097473e-08,2.9906611672450833e-05,7.102048972343901e-06,1.5591822896603662e-06,6.860008880079224e-06,4.5154835357430125e-06,1.5977710602099628e-06,7.65148695228076e-06,0.0001910620974932763,7.77833814756652e-06,0.00014370322568284138,1.3193363726982546e-06
0.05814622060402169,1.3201069947963728e-06,6.929958138894093e-05,1.8348500684646718e-07,2.5181022039576234e-06,5.0498724108043546e-06,2.39071814376997e-07,6.701817342657293e-06,5.27742527766241e-06,1.5926887817531058e-06,9.752729564200618e-07,1.5146817470252863e-06,2.5117040408596577e-07,2.005596149603683e-06,8.182345030723387e-07,1.1617155123808472e-06,7.810063555606042e-07,5.905706942721778e-07,7.853855314045686e-08,1.0117422713110823e-06,3.7634076147422924e-08,1.199987504517675e-06,6.6467416683674465e-06,4.057002190156511e-07,4.926200965487713e-07,1.6681065929228733e-07,1.6576738089366948e-08,2.8514457090490958e-06,3.397798612910792e-06,1.2984628509756609e-06
0.9551827186067025,1.5320656609060098e-05,5.329777342320866e-06,1.3134080231891604e-05,1.1447404749522868e-06,2.899131985544142e-07,1.7919480676235477e-06,9.00154897351566e-07,5.411161598471312e-06,6.116705476695022e-06,7.532223812240993e-07,9.673999584431773e-07,5.501076505772021e-07,8.894772905333861e-07,1.2803670994521037e-07,3.638385450801873e-07,1.4786960153135652e-07,3.890910379423032e-05,2.156600641822159e-05,5.889433651069716e-06,1.518445609450737e-06,7.455894822633557e-05,7.089657836464448e-06,2.221909310006975e-06,1.062018761509437e-05,1.174984455910714e-06,1.935732435133762e-07,7.584446701538683e-07,4.612031310191951e-06,5.585642294409291e-06
0.8906683290092435,2.4282419622736842e-06,1.3556524023148188e-06,3.116622470348595e-06,3.440726000793464e-07,1.7390296673991083e-06,1.7970619392786122e-07,5.31894981641499e-07,2.5405755946554003e-07,1.336484167729185e-06,3.209719267012386e-07,1.7985599938056313e-07,4.834905735992666e-07,6.367866953124399e-05,5.191616103471019e-06,2.9630155276201157e-06,1.4607006710166483e-07,3.3978410658181556e-07,3.6661751583368443e-06,1.4583803558355259e-06,4.712845105481205e-08,3.7987457761892096e-06,1.6853500883981849e-06,6.62004198280616e-07,1.8367431289139175e-06,1.4351694297025207e-06,8.589631709316836e-09,7.913972757996984e-07,4.416095706287243e-06,3.302004054271183e-06
0.7917922040142878,1.1480964634523896e-05,7.021839734040739e-05,4.648954368663253e-06,6.111994805225945e-06,5.5185362566305245e-06,2.8723433050054747e-06,8.39482750220033e-07,1.8226595974254222e-05,4.955490184756345e-06,3.1103134251242686e-06,6.009083535452867e-07,1.2121309428050074e-06,2.230594859550279e-05,2.9897894094733155e-05,3.004447885272299e-05,6.819391976481465e-07,2.0662320895488943e-05,8.739255297326519e-07,6.3908149516268505e-06,1.4837924105749254e-05,6.453786892744996e-06,1.3414815290982927e-06,4.932072517085564e-06,2.7838254028211027e-06,1.586359661035019e-07,2.419028900098862e-07,2.6916139530573245e-06,5.0534984650187065e-06,1.5177396451174509e-06
0.3661314815308911,9.797452904572479e-06,3.3091073681006526e-05,5.517840263148358e-06,9.588186343672318e-06,5.1343638630858004e-06,1.8856753198024398e-06,8.338803562708818e-07,1.696916180487735e-05,1.3779136855431787e-06,4.987979899697056e-06,1.4186303401223012e-06,4.2735792668775516e-07,1.877457300838482e-07,3.408580289086264e-05,1.8867916075215245e-05,0.003396041770081558,1.4007525197547517e-06,1.7922855818738677e-06,2.912905750222575e-06,1.5135584420168672e-05,4.6455896982328015e-05,1.5232936914400793e-06,1.4105506231762237e-06,5.751439890962455e-06,8.225621577218062e-07,2.4877857867105874e-07,1.6352760901689416e-05,1.967982380426764e-05,3.113215906554361e-06
0.8672500280292981,2.1282760383439302e-06,6.774228547735934e-05,2.149665857479787e-06,8.920942155708616e-06,2.1315129728168226e-09,4.457044677879431e-06,6.1773506288233274e-06,1.5748221399194614e-05,1.9980779558303017e-05,1.2815236359335755e-07,1.7744039154433873e-06,9.435782003083957e-07,2.292071042933199e-05,1.1608918001639208e-05,5.0881910295137105e-06,1.039439474311064e-06,4.392127474114531e-06,2.0852195631362636e-07,2.8838826146482214e-07,6.942359440288474e-06,5.901992593790818e-07,7.267991921333511e-06,1.937713594806432e-06,1.992444762893094e-06,4.8074165389626474e-08,3.309239167699483e-07,1.190656771119257e-06,4.373398041522696e-06,4.631931692819961e-07
0.810411551701667,7.505190037165509e-06,7.716201076825658e-05,1.4573196131765478e-06,2.7321259968063825e-05,5.043496004444132e-05,0.00013477452407102453,2.066842451446505e-06,4.590596530784477e-06,5.614080158302631e-06,3.844399836191861e-06,7.798929331070968e-06,9.079607600102493e-06,4.436347586241237e-06,6.593246159263574e-06,3.4883358550356246e-05,5.2759803623331835e-06,3.198352375066268e-06,2.4767074343400464e-07,2.7158270835064228e-05,1.1818250837859143e-06,1.851181505380749e-06,1.172732198669798e-06,2.4394344767532588e-06,3.412764778671841e-05,0.032648578500674486,1.064703901654491e-07,1.276185114340068e-06,7.96130462459654e-07,3.1704199693419778e-06
0.1354286529316585,6.625317833964904e-06,8.279033691478528e-05,0.0001369923532473913,2.7988438714028278e-05,5.577950606378166e-07,2.1298504045556932e-07,2.825648192233846e-07,5.655885356664334e-06,5.839873972204358e-07,1.0399347772775029e-06,1.4102632340357358e-06,7.801490200615241e-07,2.0726542442458286e-06,3.1469788527165234e-05,3.3902269918727806e-05,1.84949913039438e-08,5.472404026236061e-06,1.0306519059356212e-06,6.859160060263033e-06,4.703677798449343e-07,2.1118433319126027e-05,5.008434408660577e-07,2.1218886885520406e-06,1.3268954633473683e-06,1.6366045109153808e-07,1.500537701112771e-07,9.218730814278572e-07,5.827084001887096e-06,2.3802640202534067e-06
0.6256669258258438,2.6586150021632646e-06,3.1935013312792626e-05,4.3900303407546147e-07,3.0357790430987294e-06,5.070750030509484e-07,1.3439297001472945e-06,5.699583672934177e-06,6.5315609774219356e-06,5.329692352642769e-06,1.592529576496222e-08,1.0453484961065241e-07,1.456452676275334e-06,3.995656903938035e-06,5.046708964021537e-06,1.4010312175737698e-07,3.4984183057491295e-08,6.700388884438118e-07,7.855510000419534e-07,7.907465353355934e-07,1.5313852536405648e-05,2.3998463245093025e-06,1.3171410120215618e-06,1.985771128730174e-06,2.0291024993192074e-06,3.1819509393628604e-07,1.6599041163379767e-08,8.148086762924082e-07,9.300185787514063e-07,1.595234601069561e-06
0.0825251008275974,6.899903260761004e-06,3.4280604054853496e-06,4.14474871954369e-07,9.22991138433879e-07,1.2378190231026306e-06,3.427890515090893e-06,4.155445865388472e-07,5.186065891105911e-06,9.10784862928743e-08,5.925728010256423e-07,1.1476238155476486e-06,1.3648410622928124e-06,4.974960571965139e-07,1.133169029992713e-06,6.867491855036177e-06,4.280929533576538e-09,2.482676744183561e-06,2.3784402466313306e-06,1.1489869850150925e-06,7.940074563081231e-06,1.3208217563817561e-06,1.1990577185072874e-06,3.8599111165153566e-07,1.386708275638846e-06,9.869911397887225e-07,7.719969635700896e-06,4.464668682040246e-07,6.508713544666582e-08,1.9119134127325194e-06
0.768661790855215,3.7000881192283026e-06,6.321886039214736e-05,1.1109592574762285e-05,5.525728733679811e-06,7.948113692659363e-06,1.214620694468173e-05,3.802331559974557e-07,6.017909781575067e-06,3.715146343911214e-06,1.3672846267155713e-06,2.1142892273121047e-07,3.891700002781592e-06,1.0448923491033133e-06,4.7070322830063116e-06,6.230553516854616e-06,5.19956655223764e-07,5.380667746165969e-06,8.07013662057651e-07,1.2554946691307702e-06,8.6979982499097e-06,6.284303083025106e-06,1.2143110727127658e-06,2.8371686659404614e-06,5.520058480867464e-06,1.1269188706693534e-06,2.179123689231851e-08,1.939805494645448e-07,2.5700902581559216e-06,1.167869697385441e-06
